-- phpMyAdmin SQL Dump
-- version 4.9.5
-- https://www.phpmyadmin.net/
--
-- Host: localhost:3306
-- Generation Time: Aug 05, 2021 at 05:36 PM
-- Server version: 5.7.33-cll-lve
-- PHP Version: 7.3.27

SET SQL_MODE = "NO_AUTO_VALUE_ON_ZERO";
SET AUTOCOMMIT = 0;
START TRANSACTION;
SET time_zone = "+00:00";


/*!40101 SET @OLD_CHARACTER_SET_CLIENT=@@CHARACTER_SET_CLIENT */;
/*!40101 SET @OLD_CHARACTER_SET_RESULTS=@@CHARACTER_SET_RESULTS */;
/*!40101 SET @OLD_COLLATION_CONNECTION=@@COLLATION_CONNECTION */;
/*!40101 SET NAMES utf8mb4 */;

--
-- Database: `projec37_web`
--

-- --------------------------------------------------------

--
-- Table structure for table `tblchat`
--

CREATE TABLE `tblchat` (
  `idcat` int(11) NOT NULL,
  `kind_sender` int(11) NOT NULL,
  `idsener` int(11) NOT NULL,
  `time` varchar(120) NOT NULL,
  `idclassHold` int(11) NOT NULL,
  `kind_chat` int(11) NOT NULL DEFAULT '0',
  `scor` int(11) NOT NULL DEFAULT '0',
  `status` int(11) NOT NULL DEFAULT '0',
  `vlaue` text NOT NULL,
  `dellet` int(11) NOT NULL DEFAULT '0',
  `subid` int(11) NOT NULL DEFAULT '0'
) ENGINE=MyISAM DEFAULT CHARSET=latin1;

--
-- Dumping data for table `tblchat`
--

INSERT INTO `tblchat` (`idcat`, `kind_sender`, `idsener`, `time`, `idclassHold`, `kind_chat`, `scor`, `status`, `vlaue`, `dellet`, `subid`) VALUES
(2, 1, 1, '1626272843', 4, 1, 0, 0, 'test btn', 0, 0),
(3, 1, 1, '1626272847', 4, 0, 0, 0, 'test', 0, 0),
(6, 2, 9, '1626273120', 4, 1, 0, 2, 'd', 0, 0),
(9, 1, 1, '1626356945', 5, 0, 0, 0, 'slam', 0, 0),
(10, 2, 9, '1626356955', 5, 0, 0, 0, 'slam', 0, 0),
(11, 1, 1, '1626356968', 5, 1, 0, 0, 'qustions', 0, 0),
(12, 2, 9, '1626356983', 5, 1, 0, 1, 'javab', 0, 12),
(13, 1, 1, '1626638084', 8, 0, 0, 0, 'hello', 1, 0),
(14, 2, 10, '1626638977', 8, 0, 0, 0, '1', 1, 0),
(15, 2, 10, '1626638979', 8, 0, 0, 0, '2', 1, 0),
(16, 2, 10, '1626638979', 8, 0, 0, 0, '3', 1, 0),
(17, 2, 10, '1626638980', 8, 0, 0, 0, '4', 1, 0),
(18, 2, 10, '1626638981', 8, 0, 0, 0, '5', 1, 0),
(19, 2, 10, '1626638982', 8, 0, 0, 0, '6', 1, 0),
(20, 2, 10, '1626639090', 8, 0, 0, 0, 'k;l', 1, 0),
(21, 2, 10, '1626639093', 8, 0, 0, 0, 'lkjgfd', 1, 0),
(22, 2, 10, '1626639097', 8, 0, 0, 0, 'kglf', 1, 0),
(23, 2, 10, '1626639416', 8, 0, 0, 0, 'fds', 1, 0),
(24, 2, 10, '1626639419', 8, 0, 0, 0, 'fdsfsa', 1, 0),
(25, 2, 10, '1626639434', 8, 0, 0, 0, 'fdsfsa', 1, 0),
(26, 2, 10, '1626639440', 8, 0, 0, 0, 'fsdafsda', 1, 0),
(27, 2, 10, '1626639446', 8, 0, 0, 0, 'fadf', 1, 0),
(28, 2, 10, '1626639450', 8, 0, 0, 0, 'dsafs', 1, 0),
(29, 1, 1, '1626639475', 8, 0, 0, 0, 'fsdf', 1, 0),
(30, 1, 1, '1626639481', 8, 0, 0, 0, 'fsdsf', 1, 0),
(31, 1, 1, '1626639483', 8, 0, 0, 0, 'fsdfs', 1, 0),
(32, 1, 1, '1626639486', 8, 0, 0, 0, 'sdfsdfsd', 1, 0),
(33, 2, 10, '1626639496', 8, 0, 0, 0, 'g', 1, 0),
(34, 2, 10, '1626639501', 8, 0, 0, 0, 'gfgf', 1, 0),
(35, 2, 10, '1626639507', 8, 0, 0, 0, 'gfd', 1, 0),
(36, 2, 10, '1626639513', 8, 0, 0, 0, 'fsd', 1, 0),
(37, 2, 10, '1626872164', 9, 1, 0, 1, 'dafdsaf', 1, 37),
(38, 2, 9, '1626872234', 9, 1, 0, 1, 'sss', 1, 38),
(39, 2, 9, '1626872312', 9, 1, 0, 1, 'xdddd', 1, 39),
(40, 2, 10, '1626872403', 9, 0, 0, 0, 'fsdfsa', 1, 0),
(41, 2, 9, '1626872442', 9, 0, 0, 0, '55555', 1, 0),
(42, 2, 10, '1626872516', 9, 0, 0, 0, 'fdsfdsa', 1, 0),
(43, 2, 10, '1626872547', 9, 0, 0, 0, 'dfsdfsad', 1, 0),
(44, 2, 9, '1626872548', 9, 1, 0, 1, '5', 1, 44),
(45, 2, 9, '1626872748', 9, 0, 0, 0, '555', 1, 0),
(46, 2, 9, '1626872780', 9, 1, 0, 1, '5555', 1, 46),
(47, 2, 9, '1626872889', 9, 0, 0, 0, '56', 1, 0),
(48, 2, 9, '1626872905', 9, 0, 0, 0, '89', 1, 0),
(49, 2, 9, '1626872912', 9, 0, 0, 0, '88', 1, 0),
(50, 1, 1, '1626873002', 9, 0, 0, 0, '666', 1, 0),
(51, 2, 9, '1626873054', 9, 0, 0, 0, '55', 1, 0),
(52, 2, 9, '1626873065', 9, 0, 0, 0, '6535', 1, 0),
(53, 2, 9, '1626873066', 9, 1, 0, 1, '95655', 1, 54),
(54, 2, 10, '1626873107', 9, 0, 0, 0, 'fsdafa', 1, 0),
(55, 2, 9, '1626873165', 9, 1, 0, 1, 'cf', 1, 55),
(56, 2, 9, '1626873263', 9, 0, 0, 0, '555', 1, 0),
(57, 2, 9, '1626873320', 9, 0, 0, 0, '53', 1, 0),
(58, 2, 9, '1626873331', 9, 0, 0, 0, '1536', 1, 0),
(59, 2, 9, '1626873379', 9, 0, 0, 0, '555', 1, 0),
(60, 2, 9, '1626873437', 9, 0, 0, 0, '515', 1, 0),
(61, 2, 10, '1626873534', 9, 1, 0, 1, 'fk;ds', 1, 61),
(62, 2, 10, '1626873610', 9, 1, 0, 1, 'fdsfs', 1, 62),
(63, 2, 10, '1626873767', 9, 1, 0, 1, 'fsdafsa', 1, 63),
(64, 2, 10, '1626873810', 9, 0, 0, 0, 'asfsd', 1, 0),
(65, 2, 10, '1626873833', 9, 1, 0, 1, 'fsdfsa', 1, 65),
(66, 2, 10, '1626874111', 9, 1, 0, 1, 'fsafsda', 1, 66),
(67, 2, 10, '1626874299', 9, 1, 0, 1, 'fdsafa', 1, 67),
(68, 2, 10, '1626874364', 9, 1, 0, 1, 'dfsafa', 1, 68),
(69, 2, 10, '1626876669', 9, 1, 0, 1, 'afasdfas', 1, 69),
(70, 1, 1, '1626876739', 9, 1, 0, 0, 'd', 1, 0),
(71, 2, 10, '1626876753', 9, 1, 0, 1, 'fsdafsaf', 1, 71),
(72, 2, 10, '1626876838', 9, 1, 0, 1, 'fsadfs', 1, 72),
(73, 2, 10, '1626876998', 9, 1, 0, 1, 'fsdfdsa', 1, 73),
(74, 2, 10, '1626877090', 9, 1, 0, 1, 'fsadfs', 1, 74),
(75, 2, 10, '1626877254', 9, 1, 0, 1, 'fsdfsa', 1, 75),
(76, 2, 10, '1626877388', 9, 1, 0, 1, 'fdsafsa', 1, 76),
(77, 2, 10, '1626877523', 9, 1, 0, 1, 'fsadfsa', 1, 77),
(78, 2, 10, '1626877783', 9, 1, 0, 1, 'fsadfsawfa', 1, 78),
(79, 2, 10, '1626877901', 9, 1, 0, 1, 'fsdfsa', 1, 79),
(80, 2, 10, '1626877918', 9, 1, 0, 1, 'fdsfsafs', 1, 80),
(81, 2, 10, '1626878031', 9, 1, 0, 1, 'fsdfsa', 0, 81),
(82, 2, 10, '1626878058', 9, 1, 0, 1, 'fsdfsa', 0, 82),
(83, 2, 9, '1626878284', 10, 1, 0, 1, 'salam', 1, 83),
(84, 2, 10, '1626878346', 10, 1, 0, 1, 'sfadsadfs', 1, 84),
(85, 2, 10, '1626878368', 10, 1, 0, 1, 'gfdsgds', 1, 85),
(86, 2, 10, '1626878401', 10, 1, 0, 1, 'lsfjdgd', 1, 86),
(87, 2, 10, '1626878547', 10, 1, 0, 1, 'dfdsafs', 1, 87),
(88, 2, 10, '1626878618', 10, 1, 4, 1, 'fsdafsa', 1, 88),
(89, 2, 10, '1626878708', 10, 1, 5, 1, 'fdsafsa', 1, 89),
(90, 2, 10, '1626878751', 10, 1, 10, 1, 'fdsfsfd', 0, 90),
(91, 1, 1, '1626880922', 11, 0, 0, 0, 'cvz', 0, 0),
(92, 1, 1, '1626951458', 12, 0, 0, 0, '??? ?????', 1, 0),
(93, 2, 10, '1626951833', 12, 1, 5, 1, 'fsdf', 1, 93),
(94, 2, 10, '1626951849', 12, 1, 0, 2, 'gsdfsd', 1, 94),
(95, 1, 1, '1627048388', 14, 0, 0, 0, 'gfdgdfsg', 1, 0),
(96, 1, 1, '1627048391', 14, 0, 0, 0, 'gdfgdfsgds', 1, 0),
(97, 1, 1, '1627048392', 14, 0, 0, 0, 'gdsfgds', 1, 0),
(98, 2, 10, '1627048401', 14, 0, 0, 0, 'fdsfdsa', 1, 0),
(99, 2, 10, '1627048404', 14, 0, 0, 0, 'fdsfsa', 1, 0),
(100, 2, 10, '1627048408', 14, 0, 0, 0, 'fgdsg', 1, 0),
(101, 2, 10, '1627048411', 14, 0, 0, 0, 'fdsfdsa', 1, 0),
(102, 1, 1, '1627048435', 14, 0, 0, 0, 'hgfhf', 1, 0),
(103, 1, 1, '1627048765', 14, 0, 0, 0, 'dfgdg', 0, 0),
(104, 1, 1, '1627048769', 14, 0, 0, 0, 'gdfgdfg', 0, 0),
(105, 2, 12, '1627053102', 15, 0, 0, 0, 'na', 1, 0),
(106, 1, 5, '1627053105', 15, 0, 0, 0, 'sdsdaa', 1, 0),
(107, 2, 10, '1627053352', 15, 0, 0, 0, 'mic', 1, 0),
(108, 1, 5, '1627053488', 15, 1, 0, 0, 'mic', 1, 0),
(109, 2, 10, '1627053491', 15, 1, 0, 1, 'fdsf', 1, 109),
(110, 2, 12, '1627053499', 15, 1, 0, 1, 'javab', 1, 110),
(111, 2, 10, '1627053568', 15, 1, 50, 1, 'dasda', 1, 111),
(112, 2, 10, '1627053611', 15, 0, 0, 0, 'seda nist ?', 1, 0),
(113, 1, 5, '1627053629', 15, 0, 0, 0, 'na', 1, 0),
(114, 2, 12, '1627054070', 15, 0, 0, 0, 'seda hast?', 1, 0),
(115, 2, 10, '1627054076', 15, 0, 0, 0, 'na', 1, 0),
(116, 2, 10, '1627054105', 15, 0, 0, 0, 'ali man seda to daram', 1, 0),
(117, 2, 12, '1627054105', 15, 0, 0, 0, 'sedaye to hast ali', 1, 0),
(118, 1, 5, '1627054111', 15, 0, 0, 0, 'sda hast?', 1, 0),
(119, 1, 5, '1627054111', 15, 0, 0, 0, 'sda hast?', 1, 0),
(120, 1, 5, '1627054111', 15, 0, 0, 0, 'sda hast?', 1, 0),
(121, 1, 5, '1627054111', 15, 0, 0, 0, 'sda hast?', 1, 0),
(122, 1, 5, '1627054121', 15, 0, 0, 0, 'sdahast?', 0, 0),
(123, 1, 5, '1627054608', 15, 0, 0, 0, 'sda?', 0, 0),
(124, 2, 10, '1627054616', 15, 0, 0, 0, 'harf bezan', 0, 0),
(125, 2, 10, '1627054627', 15, 0, 0, 0, 'miad', 0, 0),
(126, 2, 10, '1627054665', 15, 0, 0, 0, 'bale', 0, 0),
(127, 1, 5, '1627054787', 15, 0, 0, 0, 'sda?', 0, 0),
(128, 2, 10, '1627054790', 15, 0, 0, 0, 'yes', 0, 0),
(129, 2, 10, '1627054803', 15, 0, 0, 0, 'nekerdam', 0, 0),
(130, 2, 12, '1627054900', 16, 0, 0, 0, 'are', 0, 0),
(131, 1, 5, '1627054904', 16, 0, 0, 0, 'sda?', 0, 0),
(132, 2, 12, '1627054907', 16, 0, 0, 0, 'are', 0, 0),
(133, 1, 5, '1627054916', 16, 0, 0, 0, 'shoma harf bzanid', 0, 0),
(134, 2, 12, '1627054917', 16, 0, 0, 0, 'man seda 2tatoon dashtam', 0, 0),
(135, 2, 10, '1627054922', 16, 0, 0, 0, 'na man nadaram', 0, 0),
(136, 2, 12, '1627054927', 16, 0, 0, 0, 'alan seda ali nadaram', 0, 0),
(137, 2, 12, '1627054935', 16, 0, 0, 0, 'sedaye man nist?', 0, 0),
(138, 1, 5, '1627054949', 16, 0, 0, 0, 'bra man na', 0, 0),
(139, 2, 12, '1627054961', 16, 0, 0, 0, 'sedaye ma ro naadari?', 0, 0),
(140, 2, 12, '1627055007', 16, 0, 0, 0, 'are', 0, 0),
(141, 1, 5, '1627055124', 16, 0, 0, 0, '?', 0, 0),
(142, 2, 12, '1627055129', 16, 0, 0, 0, 'are', 0, 0),
(143, 2, 10, '1627055130', 16, 0, 0, 0, 'are', 0, 0),
(144, 2, 9, '1627139449', 14, 0, 0, 0, '555', 0, 0),
(145, 2, 12, '1627140197', 18, 0, 0, 0, 'sedaye man hast?', 1, 0),
(146, 2, 10, '1627140212', 18, 0, 0, 0, 'na', 1, 0),
(147, 2, 12, '1627140276', 18, 0, 0, 0, 'alan ke seda nist na?', 1, 0),
(148, 1, 1, '1627140556', 18, 0, 0, 0, '563', 1, 0),
(149, 1, 1, '1627140613', 18, 0, 0, 0, '?', 1, 0),
(150, 2, 12, '1627140674', 18, 0, 0, 0, 'sedam nmiad?', 1, 0),
(151, 2, 12, '1627140674', 18, 0, 0, 0, 'sedam nmiad?', 0, 0),
(152, 1, 1, '1627140681', 18, 0, 0, 0, '-', 0, 0),
(153, 2, 12, '1627140695', 18, 0, 0, 0, 'oon bala mizane mutam', 0, 0),
(154, 2, 12, '1627140703', 18, 0, 0, 0, 'unmutam kon', 0, 0),
(155, 2, 12, '1627141119', 18, 0, 0, 0, 'in api ghati dare bara man nmidoonam chera', 0, 0),
(156, 1, 1, '1627141178', 18, 0, 0, 0, 'netet ride', 0, 0),
(157, 1, 1, '1627141186', 18, 0, 0, 0, 'netet ride', 0, 0),
(158, 1, 1, '1627311819', 24, 0, 0, 0, 'hello', 1, 0),
(159, 1, 1, '1627311832', 24, 0, 0, 0, 'ljg;sdfg', 1, 0),
(160, 1, 1, '1627311835', 24, 0, 0, 0, 'l;kad\\\'s', 1, 0),
(161, 1, 1, '1627312080', 24, 1, 0, 0, 'gfd', 1, 0),
(162, 2, 10, '1627312125', 24, 1, 0, 1, 'fdsf', 1, 162),
(163, 2, 10, '1627317170', 24, 1, 99, 1, 'dfsafa', 1, 163),
(164, 2, 10, '1627318127', 24, 1, 0, 1, 'gdfsg', 1, 164),
(165, 2, 10, '1627318240', 24, 1, 0, 1, 'fsda', 1, 165),
(166, 2, 10, '1627318326', 24, 1, 0, 1, 'gfdgs', 1, 166),
(167, 2, 10, '1627318346', 24, 1, 0, 1, 'fdsf', 1, 167),
(168, 2, 10, '1627318353', 24, 1, 0, 1, 'sdfsd', 1, 169),
(169, 2, 10, '1627318356', 24, 1, 0, 1, 'sdfsd', 1, 169),
(170, 2, 10, '1627318364', 24, 1, 100, 1, 'fdsfsa', 1, 170),
(171, 2, 10, '1627318651', 24, 1, 100, 1, 'gfdsgs', 1, 171),
(172, 2, 10, '1627318667', 24, 1, 100, 1, 'gdsfg', 1, 172),
(173, 2, 10, '1627318700', 24, 1, 1, 1, 'fsdfsa', 1, 173),
(174, 2, 10, '1627318755', 24, 1, 10, 1, 'fdsfdsa', 0, 177),
(175, 2, 10, '1627318757', 24, 1, 1, 1, 'fsdfsa', 0, 177),
(176, 2, 10, '1627318758', 24, 1, 0, 2, 'fdsfsad', 0, 177),
(177, 2, 10, '1627318759', 24, 1, 0, 2, 'sadfsda', 0, 177),
(178, 1, 1, '1627333641', 27, 0, 0, 0, 'fsdfsda', 1, 0),
(179, 1, 1, '1627334447', 27, 0, 0, 0, 'jglksag', 0, 0),
(180, 1, 1, '1627334450', 27, 1, 0, 0, 'kfjlsa', 0, 0),
(181, 1, 0, '1627387193', 29, 1, 0, 0, 'jhgjhgjh', 1, 0),
(182, 1, 1, '1627388563', 29, 0, 0, 0, 'sdgfsdfg', 0, 0),
(183, 1, 5, '1627388985', 30, 0, 0, 0, 's', 1, 0),
(184, 2, 10, '1627399766', 31, 1, 5, 1, 'fdsfdsfdsf', 1, 184),
(185, 2, 10, '1627417333', 34, 0, 0, 0, 'sdfgdsaf', 0, 0),
(186, 2, 10, '1627417338', 34, 0, 0, 0, 'sdflkdsf', 0, 0),
(187, 2, 10, '1627418035', 34, 0, 0, 0, 'gfdsgdfsg', 0, 0),
(188, 2, 10, '1627418111', 34, 0, 0, 0, 'dsfsfds', 0, 0),
(189, 2, 10, '1627418589', 34, 0, 0, 0, 'dfgsdfdsfds', 0, 0),
(190, 2, 10, '1627418593', 34, 0, 0, 0, 'fdssafdsf', 0, 0),
(191, 1, 1, '1627418808', 34, 0, 0, 0, 'fdsafsa', 0, 0),
(192, 2, 10, '1627418950', 34, 1, 100, 1, 'fds', 0, 194),
(193, 2, 10, '1627419110', 34, 1, 0, 2, 'fsd', 0, 194),
(194, 1, 1, '1627419124', 34, 0, 0, 0, 'fsdf', 0, 0),
(195, 1, 1, '1627422660', 34, 0, 0, 0, 'fdsff', 0, 0),
(196, 1, 1, '1627422784', 34, 0, 0, 0, 'dsd', 0, 0),
(197, 2, 10, '1627422803', 34, 0, 0, 0, 'dsfsd', 0, 0),
(198, 2, 9, '1627536932', 41, 0, 0, 0, 'baz kon', 0, 0),
(199, 2, 9, '1627537103', 42, 0, 0, 0, 'sda dari?', 0, 0),
(200, 1, 1, '1627537108', 42, 0, 0, 0, '-', 0, 0),
(201, 2, 12, '1627537110', 42, 0, 0, 0, 'man na', 0, 0),
(202, 2, 9, '1627543452', 50, 0, 0, 0, 'sda haste?', 0, 0),
(203, 2, 9, '1627544581', 50, 0, 0, 0, 'Failed to load resource: net::ERR_CONNECTION_RESET', 0, 0),
(204, 2, 12, '1627544588', 50, 0, 0, 0, 'pdf avalesh oomad baad raft', 0, 0),
(205, 2, 12, '1627545860', 50, 0, 0, 0, 'seda nmiad?', 0, 0),
(206, 2, 12, '1627545931', 50, 0, 0, 0, 'seda hast?', 0, 0),
(207, 1, 7, '1627546507', 52, 1, 0, 0, 'hi', 0, 0),
(208, 2, 9, '1627546517', 52, 1, 100, 1, 'javab', 0, 208);

-- --------------------------------------------------------

--
-- Table structure for table `tblclass`
--

CREATE TABLE `tblclass` (
  `idclass` int(11) NOT NULL,
  `name` varchar(180) NOT NULL,
  `date_cratee` datetime NOT NULL DEFAULT CURRENT_TIMESTAMP,
  `time_start` varchar(120) NOT NULL,
  `time_end` varchar(120) NOT NULL,
  `dayweek` text NOT NULL,
  `kind` int(11) NOT NULL,
  `idprsenter` int(11) NOT NULL,
  `url_room` text NOT NULL
) ENGINE=MyISAM DEFAULT CHARSET=latin1;

--
-- Dumping data for table `tblclass`
--

INSERT INTO `tblclass` (`idclass`, `name`, `date_cratee`, `time_start`, `time_end`, `dayweek`, `kind`, `idprsenter`, `url_room`) VALUES
(1, 'ali haghighat', '2021-07-12 20:17:24', '12:00', '14:00', '!monday!wednesday!saturday', 1, 1, ''),
(3, 'web test', '2021-07-23 19:03:30', '19:00', '20:00', '!sunday!monday!wednesday!friday', 1, 5, 'https://bamplus.whereby.com/30196cf4-320a-4e8a-8b14-dbaf17d4d955'),
(4, 'web 22', '2021-07-24 18:07:22', '1:0', '2:0', '!sunday!monday', 1, 1, ''),
(5, 'Web Programming', '2021-07-28 18:15:52', '18:00', '20:00', '!monday!saturday', 1, 6, ''),
(6, 'web project', '2021-07-29 10:10:49', '02:00', '03:00', '!sunday!monday!tuesday', 1, 7, 'https://bamplus.whereby.com/037615bd-10b7-4163-88f3-5dcad6d4afc8');

-- --------------------------------------------------------

--
-- Table structure for table `tblclassHeld`
--

CREATE TABLE `tblclassHeld` (
  `idclassHeld` int(11) NOT NULL,
  `starttime` varchar(120) NOT NULL,
  `endtime` varchar(120) NOT NULL,
  `idclass` int(11) NOT NULL
) ENGINE=MyISAM DEFAULT CHARSET=latin1;

--
-- Dumping data for table `tblclassHeld`
--

INSERT INTO `tblclassHeld` (`idclassHeld`, `starttime`, `endtime`, `idclass`) VALUES
(1, '1626199568', '1626200859', 1),
(4, '1626267750', '1626284230', 1),
(5, '1626356885', '1626357564', 1),
(6, '1626357973', '1626358081', 1),
(7, '1626358157', '1626359204', 1),
(8, '1626632469', '1626783926', 1),
(10, '1626878156', '1626880771', 1),
(11, '1626880797', '1626885916', 1),
(12, '1626943265', '1626966180', 1),
(13, '1627019201', '1627019204', 1),
(14, '1627043589', '1627139799', 1),
(15, '1627051479', '1627054843', 3),
(16, '1627054854', '1627055268', 3),
(17, '1627139836', '1627139930', 4),
(18, '1627139933', '1627141213', 1),
(19, '1627195212', '1627195355', 3),
(20, '1627195383', '1627195648', 3),
(21, '1627195677', '1627195717', 3),
(22, '1627195755', '1627195770', 3),
(23, '1627195780', '1627196028', 3),
(24, '1627226668', '1627333052', 1),
(25, '1627296663', '1627296690', 4),
(26, '1627333055', '1627333056', 1),
(27, '1627333058', '1627378437', 1),
(28, '1627365224', '1627365287', 3),
(29, '1627378443', '1627400529', 1),
(30, '1627388974', '1627389002', 3),
(31, '1627399684', '1627399934', 3),
(32, '1627414151', '1627414168', 1),
(33, '1627414635', '1627414854', 1),
(34, '1627414858', '1627453734', 1),
(35, '1627465383', '1627465400', 1),
(36, '1627476289', '1627476354', 3),
(37, '1627477469', '1627477761', 3),
(38, '1627479860', '1627506075', 1),
(39, '1627484087', '1627487136', 5),
(40, '1627487313', '1627488607', 5),
(41, '1627510625', '1627537056', 1),
(42, '1627537060', '1627537131', 1),
(43, '1627537382', '1627537538', 6),
(44, '1627537447', '1627537487', 3),
(46, '1627537825', '1627539422', 6),
(47, '1627538192', '1627538222', 3),
(48, '1627538324', '1627538488', 3),
(49, '1627538632', '1627542308', 3),
(50, '1627543202', '1627546067', 6),
(51, '1627543319', '1627543344', 3),
(52, '1627546253', '0', 6);

-- --------------------------------------------------------

--
-- Table structure for table `tbldataClass`
--

CREATE TABLE `tbldataClass` (
  `iddataClass` int(11) NOT NULL,
  `value` longtext NOT NULL,
  `idclassHold` int(11) NOT NULL
) ENGINE=MyISAM DEFAULT CHARSET=latin1;

--
-- Dumping data for table `tbldataClass`
--

INSERT INTO `tbldataClass` (`iddataClass`, `value`, `idclassHold`) VALUES
(51, '[{\\\"type\\\":\\\"color\\\",\\\"value\\\":\\\"#000\\\"},{\\\"type\\\":\\\"marker-eraser-size\\\",\\\"value\\\":2},{\\\"type\\\":\\\"text-size\\\",\\\"value\\\":\\\"12\\\"}]', 15),
(52, '[{\\\"type\\\":\\\"color\\\",\\\"value\\\":\\\"#000\\\"},{\\\"type\\\":\\\"marker-eraser-size\\\",\\\"value\\\":2},{\\\"type\\\":\\\"text-size\\\",\\\"value\\\":\\\"12\\\"}]', 16),
(53, '[{\\\"type\\\":\\\"color\\\",\\\"value\\\":\\\"#000\\\"},{\\\"type\\\":\\\"marker-eraser-size\\\",\\\"value\\\":2},{\\\"type\\\":\\\"text-size\\\",\\\"value\\\":\\\"12\\\"},{\\\"type\\\":\\\"marker\\\",\\\"x\\\":285,\\\"y\\\":220,\\\"s\\\":true},{\\\"type\\\":\\\"marker\\\",\\\"x\\\":285,\\\"y\\\":221,\\\"s\\\":true},{\\\"type\\\":\\\"marker\\\",\\\"x\\\":285,\\\"y\\\":222,\\\"s\\\":true},{\\\"type\\\":\\\"marker\\\",\\\"x\\\":285,\\\"y\\\":227,\\\"s\\\":true},{\\\"type\\\":\\\"marker\\\",\\\"x\\\":285,\\\"y\\\":237,\\\"s\\\":true},{\\\"type\\\":\\\"marker\\\",\\\"x\\\":288,\\\"y\\\":250,\\\"s\\\":true},{\\\"type\\\":\\\"marker\\\",\\\"x\\\":295,\\\"y\\\":273,\\\"s\\\":true},{\\\"type\\\":\\\"marker\\\",\\\"x\\\":299,\\\"y\\\":278,\\\"s\\\":true},{\\\"type\\\":\\\"marker\\\",\\\"x\\\":301,\\\"y\\\":280,\\\"s\\\":true},{\\\"type\\\":\\\"marker\\\",\\\"x\\\":305,\\\"y\\\":281,\\\"s\\\":true},{\\\"type\\\":\\\"marker\\\",\\\"x\\\":317,\\\"y\\\":283,\\\"s\\\":true},{\\\"type\\\":\\\"marker\\\",\\\"x\\\":324,\\\"y\\\":283,\\\"s\\\":true},{\\\"type\\\":\\\"marker\\\",\\\"x\\\":336,\\\"y\\\":278,\\\"s\\\":true},{\\\"type\\\":\\\"marker\\\",\\\"x\\\":341,\\\"y\\\":274,\\\"s\\\":true},{\\\"type\\\":\\\"marker\\\",\\\"x\\\":342,\\\"y\\\":271,\\\"s\\\":true},{\\\"type\\\":\\\"marker\\\",\\\"x\\\":343,\\\"y\\\":261,\\\"s\\\":true},{\\\"type\\\":\\\"marker\\\",\\\"x\\\":343,\\\"y\\\":251,\\\"s\\\":true},{\\\"type\\\":\\\"marker\\\",\\\"x\\\":340,\\\"y\\\":242,\\\"s\\\":true},{\\\"type\\\":\\\"marker\\\",\\\"x\\\":328,\\\"y\\\":233,\\\"s\\\":true},{\\\"type\\\":\\\"marker\\\",\\\"x\\\":312,\\\"y\\\":230,\\\"s\\\":true},{\\\"type\\\":\\\"marker\\\",\\\"x\\\":303,\\\"y\\\":230,\\\"s\\\":true},{\\\"type\\\":\\\"marker\\\",\\\"x\\\":297,\\\"y\\\":233,\\\"s\\\":true},{\\\"type\\\":\\\"marker\\\",\\\"x\\\":295,\\\"y\\\":237,\\\"s\\\":true},{\\\"type\\\":\\\"marker\\\",\\\"x\\\":295,\\\"y\\\":250,\\\"s\\\":true},{\\\"type\\\":\\\"marker\\\",\\\"x\\\":295,\\\"y\\\":263,\\\"s\\\":true},{\\\"type\\\":\\\"marker\\\",\\\"x\\\":298,\\\"y\\\":275,\\\"s\\\":true},{\\\"type\\\":\\\"marker\\\",\\\"x\\\":309,\\\"y\\\":283,\\\"s\\\":true},{\\\"type\\\":\\\"marker\\\",\\\"x\\\":322,\\\"y\\\":289,\\\"s\\\":true},{\\\"type\\\":\\\"marker\\\",\\\"x\\\":338,\\\"y\\\":293,\\\"s\\\":true},{\\\"type\\\":\\\"marker\\\",\\\"x\\\":347,\\\"y\\\":293,\\\"s\\\":true},{\\\"type\\\":\\\"marker\\\",\\\"x\\\":355,\\\"y\\\":293,\\\"s\\\":true},{\\\"type\\\":\\\"marker\\\",\\\"x\\\":356,\\\"y\\\":293,\\\"s\\\":true},{\\\"type\\\":\\\"marker\\\",\\\"x\\\":357,\\\"y\\\":295,\\\"s\\\":true},{\\\"type\\\":\\\"marker\\\",\\\"x\\\":357,\\\"y\\\":299,\\\"s\\\":true},{\\\"type\\\":\\\"marker\\\",\\\"x\\\":357,\\\"y\\\":300,\\\"s\\\":true},{\\\"type\\\":\\\"marker\\\",\\\"x\\\":360,\\\"y\\\":308,\\\"s\\\":true},{\\\"type\\\":\\\"marker\\\",\\\"x\\\":368,\\\"y\\\":315,\\\"s\\\":true},{\\\"type\\\":\\\"marker\\\",\\\"x\\\":380,\\\"y\\\":319,\\\"s\\\":true},{\\\"type\\\":\\\"marker\\\",\\\"x\\\":410,\\\"y\\\":326,\\\"s\\\":true},{\\\"type\\\":\\\"marker\\\",\\\"x\\\":456,\\\"y\\\":336,\\\"s\\\":true},{\\\"type\\\":\\\"marker\\\",\\\"x\\\":500,\\\"y\\\":344,\\\"s\\\":true},{\\\"type\\\":\\\"marker\\\",\\\"x\\\":520,\\\"y\\\":349,\\\"s\\\":true},{\\\"type\\\":\\\"marker\\\",\\\"x\\\":512,\\\"y\\\":351,\\\"s\\\":true},{\\\"type\\\":\\\"marker\\\",\\\"x\\\":501,\\\"y\\\":355,\\\"s\\\":true},{\\\"type\\\":\\\"marker\\\",\\\"x\\\":486,\\\"y\\\":363,\\\"s\\\":true},{\\\"type\\\":\\\"marker\\\",\\\"x\\\":476,\\\"y\\\":368,\\\"s\\\":true},{\\\"type\\\":\\\"marker\\\",\\\"x\\\":471,\\\"y\\\":370,\\\"s\\\":true},{\\\"type\\\":\\\"marker\\\",\\\"x\\\":468,\\\"y\\\":372,\\\"s\\\":true},{\\\"type\\\":\\\"marker\\\",\\\"x\\\":472,\\\"y\\\":374,\\\"s\\\":true},{\\\"type\\\":\\\"marker\\\",\\\"x\\\":484,\\\"y\\\":380,\\\"s\\\":true},{\\\"type\\\":\\\"marker\\\",\\\"x\\\":502,\\\"y\\\":388,\\\"s\\\":true},{\\\"type\\\":\\\"marker\\\",\\\"x\\\":517,\\\"y\\\":395,\\\"s\\\":true},{\\\"type\\\":\\\"marker\\\",\\\"x\\\":535,\\\"y\\\":401,\\\"s\\\":true},{\\\"type\\\":\\\"marker\\\",\\\"x\\\":550,\\\"y\\\":406,\\\"s\\\":true},{\\\"type\\\":\\\"marker\\\",\\\"x\\\":554,\\\"y\\\":406,\\\"s\\\":true},{\\\"type\\\":\\\"marker\\\",\\\"x\\\":554,\\\"y\\\":406,\\\"s\\\":false},{\\\"type\\\":\\\"idle\\\"},{\\\"type\\\":\\\"marker\\\",\\\"x\\\":701,\\\"y\\\":318,\\\"s\\\":true},{\\\"type\\\":\\\"marker\\\",\\\"x\\\":694,\\\"y\\\":329,\\\"s\\\":true},{\\\"type\\\":\\\"marker\\\",\\\"x\\\":679,\\\"y\\\":339,\\\"s\\\":true},{\\\"type\\\":\\\"marker\\\",\\\"x\\\":667,\\\"y\\\":345,\\\"s\\\":true},{\\\"type\\\":\\\"marker\\\",\\\"x\\\":641,\\\"y\\\":352,\\\"s\\\":true},{\\\"type\\\":\\\"marker\\\",\\\"x\\\":606,\\\"y\\\":359,\\\"s\\\":true},{\\\"type\\\":\\\"marker\\\",\\\"x\\\":566,\\\"y\\\":361,\\\"s\\\":true},{\\\"type\\\":\\\"marker\\\",\\\"x\\\":520,\\\"y\\\":354,\\\"s\\\":true},{\\\"type\\\":\\\"marker\\\",\\\"x\\\":482,\\\"y\\\":341,\\\"s\\\":true},{\\\"type\\\":\\\"marker\\\",\\\"x\\\":468,\\\"y\\\":331,\\\"s\\\":true},{\\\"type\\\":\\\"marker\\\",\\\"x\\\":468,\\\"y\\\":331,\\\"s\\\":false},{\\\"type\\\":\\\"idle\\\"},{\\\"type\\\":\\\"eraser\\\",\\\"x\\\":245,\\\"y\\\":282,\\\"s\\\":true},{\\\"type\\\":\\\"eraser\\\",\\\"x\\\":245,\\\"y\\\":285,\\\"s\\\":true},{\\\"type\\\":\\\"eraser\\\",\\\"x\\\":245,\\\"y\\\":285,\\\"s\\\":true},{\\\"type\\\":\\\"eraser\\\",\\\"x\\\":242,\\\"y\\\":285,\\\"s\\\":true},{\\\"type\\\":\\\"eraser\\\",\\\"x\\\":242,\\\"y\\\":285,\\\"s\\\":true},{\\\"type\\\":\\\"eraser\\\",\\\"x\\\":240,\\\"y\\\":285,\\\"s\\\":true},{\\\"type\\\":\\\"eraser\\\",\\\"x\\\":240,\\\"y\\\":285,\\\"s\\\":true},{\\\"type\\\":\\\"eraser\\\",\\\"x\\\":240,\\\"y\\\":287,\\\"s\\\":true},{\\\"type\\\":\\\"eraser\\\",\\\"x\\\":240,\\\"y\\\":287,\\\"s\\\":true},{\\\"type\\\":\\\"eraser\\\",\\\"x\\\":247,\\\"y\\\":286,\\\"s\\\":true},{\\\"type\\\":\\\"eraser\\\",\\\"x\\\":247,\\\"y\\\":286,\\\"s\\\":true},{\\\"type\\\":\\\"eraser\\\",\\\"x\\\":259,\\\"y\\\":279,\\\"s\\\":true},{\\\"type\\\":\\\"eraser\\\",\\\"x\\\":259,\\\"y\\\":279,\\\"s\\\":true},{\\\"type\\\":\\\"eraser\\\",\\\"x\\\":262,\\\"y\\\":278,\\\"s\\\":true},{\\\"type\\\":\\\"eraser\\\",\\\"x\\\":262,\\\"y\\\":278,\\\"s\\\":true},{\\\"type\\\":\\\"eraser\\\",\\\"x\\\":268,\\\"y\\\":276,\\\"s\\\":true},{\\\"type\\\":\\\"eraser\\\",\\\"x\\\":268,\\\"y\\\":276,\\\"s\\\":true},{\\\"type\\\":\\\"eraser\\\",\\\"x\\\":270,\\\"y\\\":276,\\\"s\\\":true},{\\\"type\\\":\\\"eraser\\\",\\\"x\\\":270,\\\"y\\\":276,\\\"s\\\":true},{\\\"type\\\":\\\"eraser\\\",\\\"x\\\":271,\\\"y\\\":276,\\\"s\\\":true},{\\\"type\\\":\\\"eraser\\\",\\\"x\\\":271,\\\"y\\\":276,\\\"s\\\":true},{\\\"type\\\":\\\"eraser\\\",\\\"x\\\":273,\\\"y\\\":276,\\\"s\\\":true},{\\\"type\\\":\\\"eraser\\\",\\\"x\\\":273,\\\"y\\\":276,\\\"s\\\":true},{\\\"type\\\":\\\"eraser\\\",\\\"x\\\":284,\\\"y\\\":277,\\\"s\\\":true},{\\\"type\\\":\\\"eraser\\\",\\\"x\\\":284,\\\"y\\\":277,\\\"s\\\":true},{\\\"type\\\":\\\"eraser\\\",\\\"x\\\":297,\\\"y\\\":281,\\\"s\\\":true},{\\\"type\\\":\\\"eraser\\\",\\\"x\\\":297,\\\"y\\\":281,\\\"s\\\":true},{\\\"type\\\":\\\"eraser\\\",\\\"x\\\":305,\\\"y\\\":281,\\\"s\\\":true},{\\\"type\\\":\\\"eraser\\\",\\\"x\\\":305,\\\"y\\\":281,\\\"s\\\":true},{\\\"type\\\":\\\"eraser\\\",\\\"x\\\":311,\\\"y\\\":281,\\\"s\\\":true},{\\\"type\\\":\\\"eraser\\\",\\\"x\\\":311,\\\"y\\\":281,\\\"s\\\":true},{\\\"type\\\":\\\"eraser\\\",\\\"x\\\":319,\\\"y\\\":277,\\\"s\\\":true},{\\\"type\\\":\\\"eraser\\\",\\\"x\\\":319,\\\"y\\\":277,\\\"s\\\":true},{\\\"type\\\":\\\"eraser\\\",\\\"x\\\":320,\\\"y\\\":276,\\\"s\\\":true},{\\\"type\\\":\\\"eraser\\\",\\\"x\\\":320,\\\"y\\\":276,\\\"s\\\":true},{\\\"type\\\":\\\"eraser\\\",\\\"x\\\":320,\\\"y\\\":275,\\\"s\\\":true},{\\\"type\\\":\\\"eraser\\\",\\\"x\\\":320,\\\"y\\\":275,\\\"s\\\":true},{\\\"type\\\":\\\"eraser\\\",\\\"x\\\":320,\\\"y\\\":274,\\\"s\\\":true},{\\\"type\\\":\\\"eraser\\\",\\\"x\\\":320,\\\"y\\\":274,\\\"s\\\":true},{\\\"type\\\":\\\"eraser\\\",\\\"x\\\":320,\\\"y\\\":273,\\\"s\\\":true},{\\\"type\\\":\\\"eraser\\\",\\\"x\\\":320,\\\"y\\\":273,\\\"s\\\":true},{\\\"type\\\":\\\"eraser\\\",\\\"x\\\":318,\\\"y\\\":273,\\\"s\\\":true},{\\\"type\\\":\\\"eraser\\\",\\\"x\\\":318,\\\"y\\\":273,\\\"s\\\":true},{\\\"type\\\":\\\"eraser\\\",\\\"x\\\":314,\\\"y\\\":273,\\\"s\\\":true},{\\\"type\\\":\\\"eraser\\\",\\\"x\\\":314,\\\"y\\\":273,\\\"s\\\":true},{\\\"type\\\":\\\"eraser\\\",\\\"x\\\":301,\\\"y\\\":275,\\\"s\\\":true},{\\\"type\\\":\\\"eraser\\\",\\\"x\\\":301,\\\"y\\\":275,\\\"s\\\":true},{\\\"type\\\":\\\"eraser\\\",\\\"x\\\":291,\\\"y\\\":279,\\\"s\\\":true},{\\\"type\\\":\\\"eraser\\\",\\\"x\\\":291,\\\"y\\\":279,\\\"s\\\":true},{\\\"type\\\":\\\"eraser\\\",\\\"x\\\":283,\\\"y\\\":284,\\\"s\\\":true},{\\\"type\\\":\\\"eraser\\\",\\\"x\\\":283,\\\"y\\\":284,\\\"s\\\":true},{\\\"type\\\":\\\"eraser\\\",\\\"x\\\":274,\\\"y\\\":288,\\\"s\\\":true},{\\\"type\\\":\\\"eraser\\\",\\\"x\\\":274,\\\"y\\\":288,\\\"s\\\":true},{\\\"type\\\":\\\"eraser\\\",\\\"x\\\":273,\\\"y\\\":288,\\\"s\\\":true},{\\\"type\\\":\\\"eraser\\\",\\\"x\\\":273,\\\"y\\\":288,\\\"s\\\":true},{\\\"type\\\":\\\"eraser\\\",\\\"x\\\":273,\\\"y\\\":287,\\\"s\\\":true},{\\\"type\\\":\\\"eraser\\\",\\\"x\\\":273,\\\"y\\\":287,\\\"s\\\":true},{\\\"type\\\":\\\"eraser\\\",\\\"x\\\":274,\\\"y\\\":284,\\\"s\\\":true},{\\\"type\\\":\\\"eraser\\\",\\\"x\\\":274,\\\"y\\\":284,\\\"s\\\":true},{\\\"type\\\":\\\"eraser\\\",\\\"x\\\":284,\\\"y\\\":282,\\\"s\\\":true},{\\\"type\\\":\\\"eraser\\\",\\\"x\\\":284,\\\"y\\\":282,\\\"s\\\":true},{\\\"type\\\":\\\"eraser\\\",\\\"x\\\":291,\\\"y\\\":282,\\\"s\\\":true},{\\\"type\\\":\\\"eraser\\\",\\\"x\\\":291,\\\"y\\\":282,\\\"s\\\":true},{\\\"type\\\":\\\"eraser\\\",\\\"x\\\":295,\\\"y\\\":282,\\\"s\\\":true},{\\\"type\\\":\\\"eraser\\\",\\\"x\\\":295,\\\"y\\\":282,\\\"s\\\":true},{\\\"type\\\":\\\"eraser\\\",\\\"x\\\":296,\\\"y\\\":282,\\\"s\\\":true},{\\\"type\\\":\\\"eraser\\\",\\\"x\\\":296,\\\"y\\\":282,\\\"s\\\":true},{\\\"type\\\":\\\"eraser\\\",\\\"x\\\":297,\\\"y\\\":282,\\\"s\\\":true},{\\\"type\\\":\\\"eraser\\\",\\\"x\\\":297,\\\"y\\\":282,\\\"s\\\":true},{\\\"type\\\":\\\"eraser\\\",\\\"x\\\":301,\\\"y\\\":282,\\\"s\\\":true},{\\\"type\\\":\\\"eraser\\\",\\\"x\\\":301,\\\"y\\\":282,\\\"s\\\":true},{\\\"type\\\":\\\"eraser\\\",\\\"x\\\":306,\\\"y\\\":283,\\\"s\\\":true},{\\\"type\\\":\\\"eraser\\\",\\\"x\\\":306,\\\"y\\\":283,\\\"s\\\":true},{\\\"type\\\":\\\"eraser\\\",\\\"x\\\":308,\\\"y\\\":283,\\\"s\\\":true},{\\\"type\\\":\\\"eraser\\\",\\\"x\\\":308,\\\"y\\\":283,\\\"s\\\":true},{\\\"type\\\":\\\"eraser\\\",\\\"x\\\":309,\\\"y\\\":283,\\\"s\\\":true},{\\\"type\\\":\\\"eraser\\\",\\\"x\\\":309,\\\"y\\\":283,\\\"s\\\":true},{\\\"type\\\":\\\"eraser\\\",\\\"x\\\":310,\\\"y\\\":283,\\\"s\\\":true},{\\\"type\\\":\\\"eraser\\\",\\\"x\\\":310,\\\"y\\\":283,\\\"s\\\":true},{\\\"type\\\":\\\"eraser\\\",\\\"x\\\":313,\\\"y\\\":281,\\\"s\\\":true},{\\\"type\\\":\\\"eraser\\\",\\\"x\\\":313,\\\"y\\\":281,\\\"s\\\":true},{\\\"type\\\":\\\"eraser\\\",\\\"x\\\":314,\\\"y\\\":280,\\\"s\\\":true},{\\\"type\\\":\\\"eraser\\\",\\\"x\\\":314,\\\"y\\\":280,\\\"s\\\":true},{\\\"type\\\":\\\"eraser\\\",\\\"x\\\":315,\\\"y\\\":279,\\\"s\\\":true},{\\\"type\\\":\\\"eraser\\\",\\\"x\\\":315,\\\"y\\\":279,\\\"s\\\":true},{\\\"type\\\":\\\"eraser\\\",\\\"x\\\":316,\\\"y\\\":279,\\\"s\\\":true},{\\\"type\\\":\\\"eraser\\\",\\\"x\\\":316,\\\"y\\\":279,\\\"s\\\":true},{\\\"type\\\":\\\"eraser\\\",\\\"x\\\":319,\\\"y\\\":279,\\\"s\\\":true},{\\\"type\\\":\\\"eraser\\\",\\\"x\\\":319,\\\"y\\\":279,\\\"s\\\":true},{\\\"type\\\":\\\"eraser\\\",\\\"x\\\":320,\\\"y\\\":279,\\\"s\\\":true},{\\\"type\\\":\\\"eraser\\\",\\\"x\\\":320,\\\"y\\\":279,\\\"s\\\":true},{\\\"type\\\":\\\"eraser\\\",\\\"x\\\":320,\\\"y\\\":278,\\\"s\\\":true},{\\\"type\\\":\\\"eraser\\\",\\\"x\\\":320,\\\"y\\\":278,\\\"s\\\":true},{\\\"type\\\":\\\"eraser\\\",\\\"x\\\":319,\\\"y\\\":277,\\\"s\\\":true},{\\\"type\\\":\\\"eraser\\\",\\\"x\\\":319,\\\"y\\\":277,\\\"s\\\":true},{\\\"type\\\":\\\"eraser\\\",\\\"x\\\":316,\\\"y\\\":275,\\\"s\\\":true},{\\\"type\\\":\\\"eraser\\\",\\\"x\\\":316,\\\"y\\\":275,\\\"s\\\":true},{\\\"type\\\":\\\"eraser\\\",\\\"x\\\":310,\\\"y\\\":274,\\\"s\\\":true},{\\\"type\\\":\\\"eraser\\\",\\\"x\\\":310,\\\"y\\\":274,\\\"s\\\":true},{\\\"type\\\":\\\"eraser\\\",\\\"x\\\":301,\\\"y\\\":273,\\\"s\\\":true},{\\\"type\\\":\\\"eraser\\\",\\\"x\\\":301,\\\"y\\\":273,\\\"s\\\":true},{\\\"type\\\":\\\"eraser\\\",\\\"x\\\":292,\\\"y\\\":273,\\\"s\\\":true},{\\\"type\\\":\\\"eraser\\\",\\\"x\\\":292,\\\"y\\\":273,\\\"s\\\":true},{\\\"type\\\":\\\"eraser\\\",\\\"x\\\":287,\\\"y\\\":273,\\\"s\\\":true},{\\\"type\\\":\\\"eraser\\\",\\\"x\\\":287,\\\"y\\\":273,\\\"s\\\":true},{\\\"type\\\":\\\"eraser\\\",\\\"x\\\":285,\\\"y\\\":276,\\\"s\\\":true},{\\\"type\\\":\\\"eraser\\\",\\\"x\\\":285,\\\"y\\\":276,\\\"s\\\":true},{\\\"type\\\":\\\"eraser\\\",\\\"x\\\":285,\\\"y\\\":277,\\\"s\\\":true},{\\\"type\\\":\\\"eraser\\\",\\\"x\\\":285,\\\"y\\\":277,\\\"s\\\":true},{\\\"type\\\":\\\"eraser\\\",\\\"x\\\":285,\\\"y\\\":279,\\\"s\\\":true},{\\\"type\\\":\\\"eraser\\\",\\\"x\\\":285,\\\"y\\\":279,\\\"s\\\":true},{\\\"type\\\":\\\"eraser\\\",\\\"x\\\":285,\\\"y\\\":283,\\\"s\\\":true},{\\\"type\\\":\\\"eraser\\\",\\\"x\\\":285,\\\"y\\\":283,\\\"s\\\":true},{\\\"type\\\":\\\"eraser\\\",\\\"x\\\":296,\\\"y\\\":288,\\\"s\\\":true},{\\\"type\\\":\\\"eraser\\\",\\\"x\\\":296,\\\"y\\\":288,\\\"s\\\":true},{\\\"type\\\":\\\"eraser\\\",\\\"x\\\":313,\\\"y\\\":288,\\\"s\\\":true},{\\\"type\\\":\\\"eraser\\\",\\\"x\\\":313,\\\"y\\\":288,\\\"s\\\":true},{\\\"type\\\":\\\"eraser\\\",\\\"x\\\":324,\\\"y\\\":288,\\\"s\\\":true},{\\\"type\\\":\\\"eraser\\\",\\\"x\\\":324,\\\"y\\\":288,\\\"s\\\":true},{\\\"type\\\":\\\"eraser\\\",\\\"x\\\":332,\\\"y\\\":288,\\\"s\\\":true},{\\\"type\\\":\\\"eraser\\\",\\\"x\\\":332,\\\"y\\\":288,\\\"s\\\":true},{\\\"type\\\":\\\"eraser\\\",\\\"x\\\":333,\\\"y\\\":288,\\\"s\\\":true},{\\\"type\\\":\\\"eraser\\\",\\\"x\\\":333,\\\"y\\\":288,\\\"s\\\":true},{\\\"type\\\":\\\"eraser\\\",\\\"x\\\":334,\\\"y\\\":286,\\\"s\\\":true},{\\\"type\\\":\\\"eraser\\\",\\\"x\\\":334,\\\"y\\\":286,\\\"s\\\":true},{\\\"type\\\":\\\"eraser\\\",\\\"x\\\":333,\\\"y\\\":287,\\\"s\\\":true},{\\\"type\\\":\\\"eraser\\\",\\\"x\\\":333,\\\"y\\\":287,\\\"s\\\":true},{\\\"type\\\":\\\"eraser\\\",\\\"x\\\":328,\\\"y\\\":291,\\\"s\\\":true},{\\\"type\\\":\\\"eraser\\\",\\\"x\\\":328,\\\"y\\\":291,\\\"s\\\":true},{\\\"type\\\":\\\"eraser\\\",\\\"x\\\":323,\\\"y\\\":293,\\\"s\\\":true},{\\\"type\\\":\\\"eraser\\\",\\\"x\\\":323,\\\"y\\\":293,\\\"s\\\":true},{\\\"type\\\":\\\"eraser\\\",\\\"x\\\":316,\\\"y\\\":297,\\\"s\\\":true},{\\\"type\\\":\\\"eraser\\\",\\\"x\\\":316,\\\"y\\\":297,\\\"s\\\":true},{\\\"type\\\":\\\"eraser\\\",\\\"x\\\":319,\\\"y\\\":295,\\\"s\\\":true},{\\\"type\\\":\\\"eraser\\\",\\\"x\\\":319,\\\"y\\\":295,\\\"s\\\":true},{\\\"type\\\":\\\"eraser\\\",\\\"x\\\":323,\\\"y\\\":293,\\\"s\\\":true},{\\\"type\\\":\\\"eraser\\\",\\\"x\\\":323,\\\"y\\\":293,\\\"s\\\":true},{\\\"type\\\":\\\"eraser\\\",\\\"x\\\":324,\\\"y\\\":292,\\\"s\\\":true},{\\\"type\\\":\\\"eraser\\\",\\\"x\\\":324,\\\"y\\\":292,\\\"s\\\":true},{\\\"type\\\":\\\"eraser\\\",\\\"x\\\":331,\\\"y\\\":288,\\\"s\\\":true},{\\\"type\\\":\\\"eraser\\\",\\\"x\\\":331,\\\"y\\\":288,\\\"s\\\":true},{\\\"type\\\":\\\"eraser\\\",\\\"x\\\":332,\\\"y\\\":288,\\\"s\\\":true},{\\\"type\\\":\\\"eraser\\\",\\\"x\\\":332,\\\"y\\\":288,\\\"s\\\":true},{\\\"type\\\":\\\"eraser\\\",\\\"x\\\":332,\\\"y\\\":292,\\\"s\\\":true},{\\\"type\\\":\\\"eraser\\\",\\\"x\\\":332,\\\"y\\\":292,\\\"s\\\":true},{\\\"type\\\":\\\"eraser\\\",\\\"x\\\":332,\\\"y\\\":294,\\\"s\\\":true},{\\\"type\\\":\\\"eraser\\\",\\\"x\\\":332,\\\"y\\\":294,\\\"s\\\":true},{\\\"type\\\":\\\"eraser\\\",\\\"x\\\":331,\\\"y\\\":299,\\\"s\\\":true},{\\\"type\\\":\\\"eraser\\\",\\\"x\\\":331,\\\"y\\\":299,\\\"s\\\":true},{\\\"type\\\":\\\"eraser\\\",\\\"x\\\":327,\\\"y\\\":307,\\\"s\\\":true},{\\\"type\\\":\\\"eraser\\\",\\\"x\\\":327,\\\"y\\\":307,\\\"s\\\":true},{\\\"type\\\":\\\"eraser\\\",\\\"x\\\":326,\\\"y\\\":309,\\\"s\\\":true},{\\\"type\\\":\\\"eraser\\\",\\\"x\\\":326,\\\"y\\\":309,\\\"s\\\":true},{\\\"type\\\":\\\"eraser\\\",\\\"x\\\":325,\\\"y\\\":309,\\\"s\\\":true},{\\\"type\\\":\\\"eraser\\\",\\\"x\\\":325,\\\"y\\\":309,\\\"s\\\":true},{\\\"type\\\":\\\"eraser\\\",\\\"x\\\":325,\\\"y\\\":306,\\\"s\\\":true},{\\\"type\\\":\\\"eraser\\\",\\\"x\\\":325,\\\"y\\\":306,\\\"s\\\":true},{\\\"type\\\":\\\"eraser\\\",\\\"x\\\":327,\\\"y\\\":305,\\\"s\\\":true},{\\\"type\\\":\\\"eraser\\\",\\\"x\\\":327,\\\"y\\\":305,\\\"s\\\":true},{\\\"type\\\":\\\"eraser\\\",\\\"x\\\":329,\\\"y\\\":303,\\\"s\\\":true},{\\\"type\\\":\\\"eraser\\\",\\\"x\\\":329,\\\"y\\\":303,\\\"s\\\":true},{\\\"type\\\":\\\"eraser\\\",\\\"x\\\":332,\\\"y\\\":302,\\\"s\\\":true},{\\\"type\\\":\\\"eraser\\\",\\\"x\\\":332,\\\"y\\\":302,\\\"s\\\":true},{\\\"type\\\":\\\"eraser\\\",\\\"x\\\":334,\\\"y\\\":299,\\\"s\\\":true},{\\\"type\\\":\\\"eraser\\\",\\\"x\\\":334,\\\"y\\\":299,\\\"s\\\":true},{\\\"type\\\":\\\"eraser\\\",\\\"x\\\":335,\\\"y\\\":299,\\\"s\\\":true},{\\\"type\\\":\\\"eraser\\\",\\\"x\\\":335,\\\"y\\\":299,\\\"s\\\":true},{\\\"type\\\":\\\"eraser\\\",\\\"x\\\":335,\\\"y\\\":303,\\\"s\\\":true},{\\\"type\\\":\\\"eraser\\\",\\\"x\\\":335,\\\"y\\\":303,\\\"s\\\":true},{\\\"type\\\":\\\"eraser\\\",\\\"x\\\":335,\\\"y\\\":305,\\\"s\\\":true},{\\\"type\\\":\\\"eraser\\\",\\\"x\\\":335,\\\"y\\\":305,\\\"s\\\":true},{\\\"type\\\":\\\"eraser\\\",\\\"x\\\":335,\\\"y\\\":304,\\\"s\\\":true},{\\\"type\\\":\\\"eraser\\\",\\\"x\\\":335,\\\"y\\\":304,\\\"s\\\":true},{\\\"type\\\":\\\"eraser\\\",\\\"x\\\":335,\\\"y\\\":300,\\\"s\\\":true},{\\\"type\\\":\\\"eraser\\\",\\\"x\\\":335,\\\"y\\\":300,\\\"s\\\":true},{\\\"type\\\":\\\"eraser\\\",\\\"x\\\":335,\\\"y\\\":298,\\\"s\\\":true},{\\\"type\\\":\\\"eraser\\\",\\\"x\\\":335,\\\"y\\\":298,\\\"s\\\":true},{\\\"type\\\":\\\"eraser\\\",\\\"x\\\":335,\\\"y\\\":297,\\\"s\\\":true},{\\\"type\\\":\\\"eraser\\\",\\\"x\\\":335,\\\"y\\\":297,\\\"s\\\":true},{\\\"type\\\":\\\"eraser\\\",\\\"x\\\":335,\\\"y\\\":297,\\\"s\\\":false},{\\\"type\\\":\\\"idle\\\"},{\\\"type\\\":\\\"text\\\",\\\"x\\\":591,\\\"y\\\":272,\\\"txt\\\":\\\"kfjkdsfasd\\\"},{\\\"type\\\":\\\"idle\\\"}]', 14),
(54, '[{\\\"type\\\":\\\"color\\\",\\\"value\\\":\\\"#000\\\"},{\\\"type\\\":\\\"marker-eraser-size\\\",\\\"value\\\":2},{\\\"type\\\":\\\"text-size\\\",\\\"value\\\":\\\"12\\\"}]', 17),
(55, '[{\\\"type\\\":\\\"color\\\",\\\"value\\\":\\\"#000\\\"},{\\\"type\\\":\\\"marker-eraser-size\\\",\\\"value\\\":2},{\\\"type\\\":\\\"text-size\\\",\\\"value\\\":\\\"12\\\"}]', 18),
(56, '[{\\\"type\\\":\\\"color\\\",\\\"value\\\":\\\"#000\\\"},{\\\"type\\\":\\\"marker-eraser-size\\\",\\\"value\\\":2},{\\\"type\\\":\\\"text-size\\\",\\\"value\\\":\\\"12\\\"}]', 19),
(57, '[{\\\"type\\\":\\\"color\\\",\\\"value\\\":\\\"#000\\\"},{\\\"type\\\":\\\"marker-eraser-size\\\",\\\"value\\\":2},{\\\"type\\\":\\\"text-size\\\",\\\"value\\\":\\\"12\\\"}]', 20),
(58, '[{\\\"type\\\":\\\"color\\\",\\\"value\\\":\\\"#000\\\"},{\\\"type\\\":\\\"marker-eraser-size\\\",\\\"value\\\":2},{\\\"type\\\":\\\"text-size\\\",\\\"value\\\":\\\"12\\\"}]', 21),
(59, '[{\\\"type\\\":\\\"color\\\",\\\"value\\\":\\\"#000\\\"},{\\\"type\\\":\\\"marker-eraser-size\\\",\\\"value\\\":2},{\\\"type\\\":\\\"text-size\\\",\\\"value\\\":\\\"12\\\"}]', 22),
(60, '[{\\\"type\\\":\\\"color\\\",\\\"value\\\":\\\"#000\\\"},{\\\"type\\\":\\\"marker-eraser-size\\\",\\\"value\\\":2},{\\\"type\\\":\\\"text-size\\\",\\\"value\\\":\\\"12\\\"}]', 23),
(61, '[{\\\"type\\\":\\\"color\\\",\\\"value\\\":\\\"#000\\\"},{\\\"type\\\":\\\"marker-eraser-size\\\",\\\"value\\\":2},{\\\"type\\\":\\\"text-size\\\",\\\"value\\\":\\\"12\\\"}]', 24),
(62, '[{\\\"type\\\":\\\"color\\\",\\\"value\\\":\\\"#000\\\"},{\\\"type\\\":\\\"marker-eraser-size\\\",\\\"value\\\":2},{\\\"type\\\":\\\"text-size\\\",\\\"value\\\":\\\"12\\\"}]', 25),
(63, '[{\\\"type\\\":\\\"color\\\",\\\"value\\\":\\\"#000\\\"},{\\\"type\\\":\\\"marker-eraser-size\\\",\\\"value\\\":2},{\\\"type\\\":\\\"text-size\\\",\\\"value\\\":\\\"12\\\"}]', 26),
(64, '[{\\\"type\\\":\\\"color\\\",\\\"value\\\":\\\"#000\\\"},{\\\"type\\\":\\\"marker-eraser-size\\\",\\\"value\\\":2},{\\\"type\\\":\\\"text-size\\\",\\\"value\\\":\\\"12\\\"},{\\\"type\\\":\\\"marker\\\",\\\"x\\\":424,\\\"y\\\":255,\\\"s\\\":true},{\\\"type\\\":\\\"marker\\\",\\\"x\\\":403,\\\"y\\\":263,\\\"s\\\":true},{\\\"type\\\":\\\"marker\\\",\\\"x\\\":335,\\\"y\\\":271,\\\"s\\\":true},{\\\"type\\\":\\\"marker\\\",\\\"x\\\":330,\\\"y\\\":269,\\\"s\\\":true},{\\\"type\\\":\\\"marker\\\",\\\"x\\\":303,\\\"y\\\":219,\\\"s\\\":true},{\\\"type\\\":\\\"marker\\\",\\\"x\\\":309,\\\"y\\\":188,\\\"s\\\":true},{\\\"type\\\":\\\"marker\\\",\\\"x\\\":315,\\\"y\\\":176,\\\"s\\\":true},{\\\"type\\\":\\\"marker\\\",\\\"x\\\":326,\\\"y\\\":157,\\\"s\\\":true},{\\\"type\\\":\\\"marker\\\",\\\"x\\\":352,\\\"y\\\":137,\\\"s\\\":true},{\\\"type\\\":\\\"marker\\\",\\\"x\\\":366,\\\"y\\\":132,\\\"s\\\":true},{\\\"type\\\":\\\"marker\\\",\\\"x\\\":386,\\\"y\\\":127,\\\"s\\\":true},{\\\"type\\\":\\\"marker\\\",\\\"x\\\":409,\\\"y\\\":121,\\\"s\\\":true},{\\\"type\\\":\\\"marker\\\",\\\"x\\\":438,\\\"y\\\":120,\\\"s\\\":true},{\\\"type\\\":\\\"marker\\\",\\\"x\\\":444,\\\"y\\\":121,\\\"s\\\":true},{\\\"type\\\":\\\"marker\\\",\\\"x\\\":448,\\\"y\\\":123,\\\"s\\\":true},{\\\"type\\\":\\\"marker\\\",\\\"x\\\":454,\\\"y\\\":125,\\\"s\\\":true},{\\\"type\\\":\\\"marker\\\",\\\"x\\\":455,\\\"y\\\":126,\\\"s\\\":true},{\\\"type\\\":\\\"marker\\\",\\\"x\\\":456,\\\"y\\\":127,\\\"s\\\":true},{\\\"type\\\":\\\"marker\\\",\\\"x\\\":457,\\\"y\\\":129,\\\"s\\\":true},{\\\"type\\\":\\\"marker\\\",\\\"x\\\":457,\\\"y\\\":133,\\\"s\\\":true},{\\\"type\\\":\\\"marker\\\",\\\"x\\\":457,\\\"y\\\":138,\\\"s\\\":true},{\\\"type\\\":\\\"marker\\\",\\\"x\\\":457,\\\"y\\\":148,\\\"s\\\":true},{\\\"type\\\":\\\"marker\\\",\\\"x\\\":453,\\\"y\\\":158,\\\"s\\\":true},{\\\"type\\\":\\\"marker\\\",\\\"x\\\":449,\\\"y\\\":168,\\\"s\\\":true},{\\\"type\\\":\\\"marker\\\",\\\"x\\\":433,\\\"y\\\":185,\\\"s\\\":true},{\\\"type\\\":\\\"marker\\\",\\\"x\\\":414,\\\"y\\\":198,\\\"s\\\":true},{\\\"type\\\":\\\"marker\\\",\\\"x\\\":396,\\\"y\\\":211,\\\"s\\\":true},{\\\"type\\\":\\\"marker\\\",\\\"x\\\":367,\\\"y\\\":226,\\\"s\\\":true},{\\\"type\\\":\\\"marker\\\",\\\"x\\\":347,\\\"y\\\":235,\\\"s\\\":true},{\\\"type\\\":\\\"marker\\\",\\\"x\\\":327,\\\"y\\\":239,\\\"s\\\":true},{\\\"type\\\":\\\"marker\\\",\\\"x\\\":315,\\\"y\\\":239,\\\"s\\\":true},{\\\"type\\\":\\\"marker\\\",\\\"x\\\":310,\\\"y\\\":239,\\\"s\\\":true},{\\\"type\\\":\\\"marker\\\",\\\"x\\\":306,\\\"y\\\":234,\\\"s\\\":true},{\\\"type\\\":\\\"marker\\\",\\\"x\\\":304,\\\"y\\\":228,\\\"s\\\":true},{\\\"type\\\":\\\"marker\\\",\\\"x\\\":304,\\\"y\\\":224,\\\"s\\\":true},{\\\"type\\\":\\\"marker\\\",\\\"x\\\":304,\\\"y\\\":223,\\\"s\\\":true},{\\\"type\\\":\\\"marker\\\",\\\"x\\\":304,\\\"y\\\":220,\\\"s\\\":true},{\\\"type\\\":\\\"marker\\\",\\\"x\\\":309,\\\"y\\\":215,\\\"s\\\":true},{\\\"type\\\":\\\"marker\\\",\\\"x\\\":350,\\\"y\\\":200,\\\"s\\\":true},{\\\"type\\\":\\\"marker\\\",\\\"x\\\":380,\\\"y\\\":196,\\\"s\\\":true},{\\\"type\\\":\\\"marker\\\",\\\"x\\\":414,\\\"y\\\":194,\\\"s\\\":true},{\\\"type\\\":\\\"marker\\\",\\\"x\\\":451,\\\"y\\\":196,\\\"s\\\":true},{\\\"type\\\":\\\"marker\\\",\\\"x\\\":461,\\\"y\\\":197,\\\"s\\\":true},{\\\"type\\\":\\\"marker\\\",\\\"x\\\":468,\\\"y\\\":199,\\\"s\\\":true},{\\\"type\\\":\\\"marker\\\",\\\"x\\\":474,\\\"y\\\":202,\\\"s\\\":true},{\\\"type\\\":\\\"marker\\\",\\\"x\\\":478,\\\"y\\\":203,\\\"s\\\":true},{\\\"type\\\":\\\"marker\\\",\\\"x\\\":483,\\\"y\\\":205,\\\"s\\\":true},{\\\"type\\\":\\\"marker\\\",\\\"x\\\":488,\\\"y\\\":212,\\\"s\\\":true},{\\\"type\\\":\\\"marker\\\",\\\"x\\\":492,\\\"y\\\":218,\\\"s\\\":true},{\\\"type\\\":\\\"marker\\\",\\\"x\\\":495,\\\"y\\\":228,\\\"s\\\":true},{\\\"type\\\":\\\"marker\\\",\\\"x\\\":495,\\\"y\\\":240,\\\"s\\\":true},{\\\"type\\\":\\\"marker\\\",\\\"x\\\":494,\\\"y\\\":246,\\\"s\\\":true},{\\\"type\\\":\\\"marker\\\",\\\"x\\\":489,\\\"y\\\":252,\\\"s\\\":true},{\\\"type\\\":\\\"marker\\\",\\\"x\\\":481,\\\"y\\\":262,\\\"s\\\":true},{\\\"type\\\":\\\"marker\\\",\\\"x\\\":471,\\\"y\\\":269,\\\"s\\\":true},{\\\"type\\\":\\\"marker\\\",\\\"x\\\":456,\\\"y\\\":277,\\\"s\\\":true},{\\\"type\\\":\\\"marker\\\",\\\"x\\\":433,\\\"y\\\":283,\\\"s\\\":true},{\\\"type\\\":\\\"marker\\\",\\\"x\\\":422,\\\"y\\\":283,\\\"s\\\":true},{\\\"type\\\":\\\"marker\\\",\\\"x\\\":416,\\\"y\\\":283,\\\"s\\\":true},{\\\"type\\\":\\\"marker\\\",\\\"x\\\":412,\\\"y\\\":280,\\\"s\\\":true},{\\\"type\\\":\\\"marker\\\",\\\"x\\\":410,\\\"y\\\":274,\\\"s\\\":true},{\\\"type\\\":\\\"marker\\\",\\\"x\\\":417,\\\"y\\\":252,\\\"s\\\":true},{\\\"type\\\":\\\"marker\\\",\\\"x\\\":451,\\\"y\\\":202,\\\"s\\\":true},{\\\"type\\\":\\\"marker\\\",\\\"x\\\":478,\\\"y\\\":175,\\\"s\\\":true},{\\\"type\\\":\\\"marker\\\",\\\"x\\\":527,\\\"y\\\":146,\\\"s\\\":true},{\\\"type\\\":\\\"marker\\\",\\\"x\\\":578,\\\"y\\\":126,\\\"s\\\":true},{\\\"type\\\":\\\"marker\\\",\\\"x\\\":601,\\\"y\\\":119,\\\"s\\\":true},{\\\"type\\\":\\\"marker\\\",\\\"x\\\":624,\\\"y\\\":114,\\\"s\\\":true},{\\\"type\\\":\\\"marker\\\",\\\"x\\\":645,\\\"y\\\":115,\\\"s\\\":true},{\\\"type\\\":\\\"marker\\\",\\\"x\\\":651,\\\"y\\\":118,\\\"s\\\":true},{\\\"type\\\":\\\"marker\\\",\\\"x\\\":656,\\\"y\\\":120,\\\"s\\\":true},{\\\"type\\\":\\\"marker\\\",\\\"x\\\":662,\\\"y\\\":127,\\\"s\\\":true},{\\\"type\\\":\\\"marker\\\",\\\"x\\\":667,\\\"y\\\":131,\\\"s\\\":true},{\\\"type\\\":\\\"marker\\\",\\\"x\\\":669,\\\"y\\\":136,\\\"s\\\":true},{\\\"type\\\":\\\"marker\\\",\\\"x\\\":672,\\\"y\\\":146,\\\"s\\\":true},{\\\"type\\\":\\\"marker\\\",\\\"x\\\":672,\\\"y\\\":155,\\\"s\\\":true},{\\\"type\\\":\\\"marker\\\",\\\"x\\\":669,\\\"y\\\":167,\\\"s\\\":true},{\\\"type\\\":\\\"marker\\\",\\\"x\\\":657,\\\"y\\\":190,\\\"s\\\":true},{\\\"type\\\":\\\"marker\\\",\\\"x\\\":643,\\\"y\\\":202,\\\"s\\\":true},{\\\"type\\\":\\\"marker\\\",\\\"x\\\":616,\\\"y\\\":218,\\\"s\\\":true},{\\\"type\\\":\\\"marker\\\",\\\"x\\\":580,\\\"y\\\":232,\\\"s\\\":true},{\\\"type\\\":\\\"marker\\\",\\\"x\\\":561,\\\"y\\\":238,\\\"s\\\":true},{\\\"type\\\":\\\"marker\\\",\\\"x\\\":543,\\\"y\\\":243,\\\"s\\\":true},{\\\"type\\\":\\\"marker\\\",\\\"x\\\":528,\\\"y\\\":245,\\\"s\\\":true},{\\\"type\\\":\\\"marker\\\",\\\"x\\\":524,\\\"y\\\":245,\\\"s\\\":true},{\\\"type\\\":\\\"marker\\\",\\\"x\\\":522,\\\"y\\\":243,\\\"s\\\":true},{\\\"type\\\":\\\"marker\\\",\\\"x\\\":529,\\\"y\\\":199,\\\"s\\\":true},{\\\"type\\\":\\\"marker\\\",\\\"x\\\":597,\\\"y\\\":115,\\\"s\\\":true},{\\\"type\\\":\\\"marker\\\",\\\"x\\\":621,\\\"y\\\":106,\\\"s\\\":true},{\\\"type\\\":\\\"marker\\\",\\\"x\\\":652,\\\"y\\\":98,\\\"s\\\":true},{\\\"type\\\":\\\"marker\\\",\\\"x\\\":676,\\\"y\\\":98,\\\"s\\\":true},{\\\"type\\\":\\\"marker\\\",\\\"x\\\":707,\\\"y\\\":107,\\\"s\\\":true},{\\\"type\\\":\\\"marker\\\",\\\"x\\\":720,\\\"y\\\":112,\\\"s\\\":true},{\\\"type\\\":\\\"marker\\\",\\\"x\\\":727,\\\"y\\\":118,\\\"s\\\":true},{\\\"type\\\":\\\"marker\\\",\\\"x\\\":733,\\\"y\\\":124,\\\"s\\\":true},{\\\"type\\\":\\\"marker\\\",\\\"x\\\":737,\\\"y\\\":130,\\\"s\\\":true},{\\\"type\\\":\\\"marker\\\",\\\"x\\\":738,\\\"y\\\":142,\\\"s\\\":true},{\\\"type\\\":\\\"marker\\\",\\\"x\\\":738,\\\"y\\\":159,\\\"s\\\":true},{\\\"type\\\":\\\"marker\\\",\\\"x\\\":725,\\\"y\\\":186,\\\"s\\\":true},{\\\"type\\\":\\\"marker\\\",\\\"x\\\":710,\\\"y\\\":210,\\\"s\\\":true},{\\\"type\\\":\\\"marker\\\",\\\"x\\\":694,\\\"y\\\":229,\\\"s\\\":true},{\\\"type\\\":\\\"marker\\\",\\\"x\\\":671,\\\"y\\\":255,\\\"s\\\":true},{\\\"type\\\":\\\"marker\\\",\\\"x\\\":654,\\\"y\\\":267,\\\"s\\\":true},{\\\"type\\\":\\\"marker\\\",\\\"x\\\":626,\\\"y\\\":280,\\\"s\\\":true},{\\\"type\\\":\\\"marker\\\",\\\"x\\\":615,\\\"y\\\":283,\\\"s\\\":true},{\\\"type\\\":\\\"marker\\\",\\\"x\\\":609,\\\"y\\\":284,\\\"s\\\":true},{\\\"type\\\":\\\"marker\\\",\\\"x\\\":605,\\\"y\\\":284,\\\"s\\\":true},{\\\"type\\\":\\\"marker\\\",\\\"x\\\":602,\\\"y\\\":259,\\\"s\\\":true},{\\\"type\\\":\\\"marker\\\",\\\"x\\\":608,\\\"y\\\":219,\\\"s\\\":true},{\\\"type\\\":\\\"marker\\\",\\\"x\\\":649,\\\"y\\\":160,\\\"s\\\":true},{\\\"type\\\":\\\"marker\\\",\\\"x\\\":681,\\\"y\\\":134,\\\"s\\\":true},{\\\"type\\\":\\\"marker\\\",\\\"x\\\":712,\\\"y\\\":118,\\\"s\\\":true},{\\\"type\\\":\\\"marker\\\",\\\"x\\\":743,\\\"y\\\":111,\\\"s\\\":true},{\\\"type\\\":\\\"marker\\\",\\\"x\\\":749,\\\"y\\\":111,\\\"s\\\":true},{\\\"type\\\":\\\"marker\\\",\\\"x\\\":754,\\\"y\\\":112,\\\"s\\\":true},{\\\"type\\\":\\\"marker\\\",\\\"x\\\":762,\\\"y\\\":119,\\\"s\\\":true},{\\\"type\\\":\\\"marker\\\",\\\"x\\\":766,\\\"y\\\":137,\\\"s\\\":true},{\\\"type\\\":\\\"marker\\\",\\\"x\\\":765,\\\"y\\\":169,\\\"s\\\":true},{\\\"type\\\":\\\"marker\\\",\\\"x\\\":745,\\\"y\\\":231,\\\"s\\\":true},{\\\"type\\\":\\\"marker\\\",\\\"x\\\":724,\\\"y\\\":271,\\\"s\\\":true},{\\\"type\\\":\\\"marker\\\",\\\"x\\\":706,\\\"y\\\":301,\\\"s\\\":true},{\\\"type\\\":\\\"marker\\\",\\\"x\\\":685,\\\"y\\\":335,\\\"s\\\":true},{\\\"type\\\":\\\"marker\\\",\\\"x\\\":671,\\\"y\\\":349,\\\"s\\\":true},{\\\"type\\\":\\\"marker\\\",\\\"x\\\":651,\\\"y\\\":359,\\\"s\\\":true},{\\\"type\\\":\\\"marker\\\",\\\"x\\\":623,\\\"y\\\":369,\\\"s\\\":true},{\\\"type\\\":\\\"marker\\\",\\\"x\\\":612,\\\"y\\\":369,\\\"s\\\":true},{\\\"type\\\":\\\"marker\\\",\\\"x\\\":602,\\\"y\\\":365,\\\"s\\\":true},{\\\"type\\\":\\\"marker\\\",\\\"x\\\":582,\\\"y\\\":333,\\\"s\\\":true},{\\\"type\\\":\\\"marker\\\",\\\"x\\\":578,\\\"y\\\":259,\\\"s\\\":true},{\\\"type\\\":\\\"marker\\\",\\\"x\\\":594,\\\"y\\\":206,\\\"s\\\":true},{\\\"type\\\":\\\"marker\\\",\\\"x\\\":614,\\\"y\\\":174,\\\"s\\\":true},{\\\"type\\\":\\\"marker\\\",\\\"x\\\":663,\\\"y\\\":137,\\\"s\\\":true},{\\\"type\\\":\\\"marker\\\",\\\"x\\\":690,\\\"y\\\":128,\\\"s\\\":true},{\\\"type\\\":\\\"marker\\\",\\\"x\\\":730,\\\"y\\\":122,\\\"s\\\":true},{\\\"type\\\":\\\"marker\\\",\\\"x\\\":744,\\\"y\\\":125,\\\"s\\\":true},{\\\"type\\\":\\\"marker\\\",\\\"x\\\":752,\\\"y\\\":129,\\\"s\\\":true},{\\\"type\\\":\\\"marker\\\",\\\"x\\\":758,\\\"y\\\":140,\\\"s\\\":true},{\\\"type\\\":\\\"marker\\\",\\\"x\\\":764,\\\"y\\\":170,\\\"s\\\":true},{\\\"type\\\":\\\"marker\\\",\\\"x\\\":760,\\\"y\\\":215,\\\"s\\\":true},{\\\"type\\\":\\\"marker\\\",\\\"x\\\":740,\\\"y\\\":274,\\\"s\\\":true},{\\\"type\\\":\\\"marker\\\",\\\"x\\\":724,\\\"y\\\":309,\\\"s\\\":true},{\\\"type\\\":\\\"marker\\\",\\\"x\\\":711,\\\"y\\\":328,\\\"s\\\":true},{\\\"type\\\":\\\"marker\\\",\\\"x\\\":691,\\\"y\\\":353,\\\"s\\\":true},{\\\"type\\\":\\\"marker\\\",\\\"x\\\":681,\\\"y\\\":363,\\\"s\\\":true},{\\\"type\\\":\\\"marker\\\",\\\"x\\\":670,\\\"y\\\":372,\\\"s\\\":true},{\\\"type\\\":\\\"marker\\\",\\\"x\\\":662,\\\"y\\\":378,\\\"s\\\":true},{\\\"type\\\":\\\"marker\\\",\\\"x\\\":655,\\\"y\\\":379,\\\"s\\\":true},{\\\"type\\\":\\\"marker\\\",\\\"x\\\":646,\\\"y\\\":366,\\\"s\\\":true},{\\\"type\\\":\\\"marker\\\",\\\"x\\\":655,\\\"y\\\":320,\\\"s\\\":true},{\\\"type\\\":\\\"marker\\\",\\\"x\\\":672,\\\"y\\\":287,\\\"s\\\":true},{\\\"type\\\":\\\"marker\\\",\\\"x\\\":688,\\\"y\\\":265,\\\"s\\\":true},{\\\"type\\\":\\\"marker\\\",\\\"x\\\":731,\\\"y\\\":246,\\\"s\\\":true},{\\\"type\\\":\\\"marker\\\",\\\"x\\\":750,\\\"y\\\":245,\\\"s\\\":true},{\\\"type\\\":\\\"marker\\\",\\\"x\\\":761,\\\"y\\\":245,\\\"s\\\":true},{\\\"type\\\":\\\"marker\\\",\\\"x\\\":771,\\\"y\\\":250,\\\"s\\\":true},{\\\"type\\\":\\\"marker\\\",\\\"x\\\":776,\\\"y\\\":258,\\\"s\\\":true},{\\\"type\\\":\\\"marker\\\",\\\"x\\\":780,\\\"y\\\":267,\\\"s\\\":true},{\\\"type\\\":\\\"marker\\\",\\\"x\\\":781,\\\"y\\\":279,\\\"s\\\":true},{\\\"type\\\":\\\"marker\\\",\\\"x\\\":779,\\\"y\\\":291,\\\"s\\\":true},{\\\"type\\\":\\\"marker\\\",\\\"x\\\":777,\\\"y\\\":294,\\\"s\\\":true},{\\\"type\\\":\\\"marker\\\",\\\"x\\\":775,\\\"y\\\":299,\\\"s\\\":true},{\\\"type\\\":\\\"marker\\\",\\\"x\\\":768,\\\"y\\\":308,\\\"s\\\":true},{\\\"type\\\":\\\"marker\\\",\\\"x\\\":763,\\\"y\\\":313,\\\"s\\\":true},{\\\"type\\\":\\\"marker\\\",\\\"x\\\":760,\\\"y\\\":315,\\\"s\\\":true},{\\\"type\\\":\\\"marker\\\",\\\"x\\\":760,\\\"y\\\":315,\\\"s\\\":false},{\\\"type\\\":\\\"idle\\\"}]', 27),
(65, '[{\\\"type\\\":\\\"color\\\",\\\"value\\\":\\\"#000\\\"},{\\\"type\\\":\\\"marker-eraser-size\\\",\\\"value\\\":2},{\\\"type\\\":\\\"text-size\\\",\\\"value\\\":\\\"12\\\"},{\\\"type\\\":\\\"clear\\\"},{\\\"type\\\":\\\"clear\\\"}]', 28),
(66, '[{\\\"type\\\":\\\"color\\\",\\\"value\\\":\\\"#000\\\"},{\\\"type\\\":\\\"marker-eraser-size\\\",\\\"value\\\":2},{\\\"type\\\":\\\"text-size\\\",\\\"value\\\":\\\"12\\\"},{\\\"type\\\":\\\"pdf\\\",\\\"url\\\":\\\"assets/q1.pdf\\\"},{\\\"type\\\":\\\"marker\\\",\\\"x\\\":433,\\\"y\\\":256,\\\"s\\\":true},{\\\"type\\\":\\\"marker\\\",\\\"x\\\":422,\\\"y\\\":263,\\\"s\\\":true},{\\\"type\\\":\\\"marker\\\",\\\"x\\\":412,\\\"y\\\":270,\\\"s\\\":true},{\\\"type\\\":\\\"marker\\\",\\\"x\\\":401,\\\"y\\\":279,\\\"s\\\":true},{\\\"type\\\":\\\"marker\\\",\\\"x\\\":399,\\\"y\\\":283,\\\"s\\\":true},{\\\"type\\\":\\\"marker\\\",\\\"x\\\":396,\\\"y\\\":289,\\\"s\\\":true},{\\\"type\\\":\\\"marker\\\",\\\"x\\\":395,\\\"y\\\":298,\\\"s\\\":true},{\\\"type\\\":\\\"marker\\\",\\\"x\\\":395,\\\"y\\\":302,\\\"s\\\":true},{\\\"type\\\":\\\"marker\\\",\\\"x\\\":395,\\\"y\\\":303,\\\"s\\\":true},{\\\"type\\\":\\\"marker\\\",\\\"x\\\":395,\\\"y\\\":305,\\\"s\\\":true},{\\\"type\\\":\\\"marker\\\",\\\"x\\\":397,\\\"y\\\":309,\\\"s\\\":true},{\\\"type\\\":\\\"marker\\\",\\\"x\\\":405,\\\"y\\\":312,\\\"s\\\":true},{\\\"type\\\":\\\"marker\\\",\\\"x\\\":419,\\\"y\\\":316,\\\"s\\\":true},{\\\"type\\\":\\\"marker\\\",\\\"x\\\":425,\\\"y\\\":316,\\\"s\\\":true},{\\\"type\\\":\\\"marker\\\",\\\"x\\\":439,\\\"y\\\":316,\\\"s\\\":true},{\\\"type\\\":\\\"marker\\\",\\\"x\\\":460,\\\"y\\\":316,\\\"s\\\":true},{\\\"type\\\":\\\"marker\\\",\\\"x\\\":480,\\\"y\\\":314,\\\"s\\\":true},{\\\"type\\\":\\\"marker\\\",\\\"x\\\":488,\\\"y\\\":311,\\\"s\\\":true},{\\\"type\\\":\\\"marker\\\",\\\"x\\\":502,\\\"y\\\":302,\\\"s\\\":true},{\\\"type\\\":\\\"marker\\\",\\\"x\\\":502,\\\"y\\\":299,\\\"s\\\":true},{\\\"type\\\":\\\"marker\\\",\\\"x\\\":502,\\\"y\\\":296,\\\"s\\\":true},{\\\"type\\\":\\\"marker\\\",\\\"x\\\":501,\\\"y\\\":299,\\\"s\\\":true},{\\\"type\\\":\\\"marker\\\",\\\"x\\\":498,\\\"y\\\":307,\\\"s\\\":true},{\\\"type\\\":\\\"marker\\\",\\\"x\\\":497,\\\"y\\\":312,\\\"s\\\":true},{\\\"type\\\":\\\"marker\\\",\\\"x\\\":493,\\\"y\\\":324,\\\"s\\\":true},{\\\"type\\\":\\\"marker\\\",\\\"x\\\":493,\\\"y\\\":335,\\\"s\\\":true},{\\\"type\\\":\\\"marker\\\",\\\"x\\\":493,\\\"y\\\":342,\\\"s\\\":true},{\\\"type\\\":\\\"marker\\\",\\\"x\\\":493,\\\"y\\\":349,\\\"s\\\":true},{\\\"type\\\":\\\"marker\\\",\\\"x\\\":497,\\\"y\\\":356,\\\"s\\\":true},{\\\"type\\\":\\\"marker\\\",\\\"x\\\":507,\\\"y\\\":359,\\\"s\\\":true},{\\\"type\\\":\\\"marker\\\",\\\"x\\\":516,\\\"y\\\":360,\\\"s\\\":true},{\\\"type\\\":\\\"marker\\\",\\\"x\\\":524,\\\"y\\\":361,\\\"s\\\":true},{\\\"type\\\":\\\"marker\\\",\\\"x\\\":526,\\\"y\\\":361,\\\"s\\\":true},{\\\"type\\\":\\\"marker\\\",\\\"x\\\":527,\\\"y\\\":361,\\\"s\\\":true},{\\\"type\\\":\\\"marker\\\",\\\"x\\\":527,\\\"y\\\":361,\\\"s\\\":false},{\\\"type\\\":\\\"idle\\\"},{\\\"type\\\":\\\"marker\\\",\\\"x\\\":561,\\\"y\\\":272,\\\"s\\\":true},{\\\"type\\\":\\\"marker\\\",\\\"x\\\":559,\\\"y\\\":273,\\\"s\\\":true},{\\\"type\\\":\\\"marker\\\",\\\"x\\\":558,\\\"y\\\":276,\\\"s\\\":true},{\\\"type\\\":\\\"marker\\\",\\\"x\\\":557,\\\"y\\\":285,\\\"s\\\":true},{\\\"type\\\":\\\"marker\\\",\\\"x\\\":552,\\\"y\\\":293,\\\"s\\\":true},{\\\"type\\\":\\\"marker\\\",\\\"x\\\":551,\\\"y\\\":301,\\\"s\\\":true},{\\\"type\\\":\\\"marker\\\",\\\"x\\\":551,\\\"y\\\":310,\\\"s\\\":true},{\\\"type\\\":\\\"marker\\\",\\\"x\\\":551,\\\"y\\\":313,\\\"s\\\":true},{\\\"type\\\":\\\"marker\\\",\\\"x\\\":551,\\\"y\\\":318,\\\"s\\\":true},{\\\"type\\\":\\\"marker\\\",\\\"x\\\":551,\\\"y\\\":320,\\\"s\\\":true},{\\\"type\\\":\\\"marker\\\",\\\"x\\\":551,\\\"y\\\":324,\\\"s\\\":true},{\\\"type\\\":\\\"marker\\\",\\\"x\\\":551,\\\"y\\\":325,\\\"s\\\":true},{\\\"type\\\":\\\"marker\\\",\\\"x\\\":551,\\\"y\\\":327,\\\"s\\\":true},{\\\"type\\\":\\\"marker\\\",\\\"x\\\":551,\\\"y\\\":330,\\\"s\\\":true},{\\\"type\\\":\\\"marker\\\",\\\"x\\\":551,\\\"y\\\":331,\\\"s\\\":true},{\\\"type\\\":\\\"marker\\\",\\\"x\\\":551,\\\"y\\\":332,\\\"s\\\":true},{\\\"type\\\":\\\"marker\\\",\\\"x\\\":551,\\\"y\\\":333,\\\"s\\\":true},{\\\"type\\\":\\\"marker\\\",\\\"x\\\":551,\\\"y\\\":334,\\\"s\\\":true},{\\\"type\\\":\\\"marker\\\",\\\"x\\\":551,\\\"y\\\":336,\\\"s\\\":true},{\\\"type\\\":\\\"marker\\\",\\\"x\\\":551,\\\"y\\\":337,\\\"s\\\":true},{\\\"type\\\":\\\"marker\\\",\\\"x\\\":552,\\\"y\\\":338,\\\"s\\\":true},{\\\"type\\\":\\\"marker\\\",\\\"x\\\":552,\\\"y\\\":339,\\\"s\\\":true},{\\\"type\\\":\\\"marker\\\",\\\"x\\\":553,\\\"y\\\":340,\\\"s\\\":true},{\\\"type\\\":\\\"marker\\\",\\\"x\\\":553,\\\"y\\\":340,\\\"s\\\":false},{\\\"type\\\":\\\"idle\\\"},{\\\"type\\\":\\\"marker\\\",\\\"x\\\":722,\\\"y\\\":433,\\\"s\\\":true},{\\\"type\\\":\\\"marker\\\",\\\"x\\\":722,\\\"y\\\":435,\\\"s\\\":true},{\\\"type\\\":\\\"marker\\\",\\\"x\\\":718,\\\"y\\\":439,\\\"s\\\":true},{\\\"type\\\":\\\"marker\\\",\\\"x\\\":717,\\\"y\\\":440,\\\"s\\\":true},{\\\"type\\\":\\\"marker\\\",\\\"x\\\":708,\\\"y\\\":444,\\\"s\\\":true},{\\\"type\\\":\\\"marker\\\",\\\"x\\\":694,\\\"y\\\":452,\\\"s\\\":true},{\\\"type\\\":\\\"marker\\\",\\\"x\\\":689,\\\"y\\\":454,\\\"s\\\":true},{\\\"type\\\":\\\"marker\\\",\\\"x\\\":683,\\\"y\\\":457,\\\"s\\\":true},{\\\"type\\\":\\\"marker\\\",\\\"x\\\":670,\\\"y\\\":463,\\\"s\\\":true},{\\\"type\\\":\\\"marker\\\",\\\"x\\\":660,\\\"y\\\":470,\\\"s\\\":true},{\\\"type\\\":\\\"marker\\\",\\\"x\\\":652,\\\"y\\\":476,\\\"s\\\":true},{\\\"type\\\":\\\"marker\\\",\\\"x\\\":650,\\\"y\\\":481,\\\"s\\\":true},{\\\"type\\\":\\\"marker\\\",\\\"x\\\":650,\\\"y\\\":487,\\\"s\\\":true},{\\\"type\\\":\\\"marker\\\",\\\"x\\\":650,\\\"y\\\":494,\\\"s\\\":true},{\\\"type\\\":\\\"marker\\\",\\\"x\\\":651,\\\"y\\\":505,\\\"s\\\":true},{\\\"type\\\":\\\"marker\\\",\\\"x\\\":653,\\\"y\\\":507,\\\"s\\\":true},{\\\"type\\\":\\\"marker\\\",\\\"x\\\":657,\\\"y\\\":513,\\\"s\\\":true},{\\\"type\\\":\\\"marker\\\",\\\"x\\\":663,\\\"y\\\":517,\\\"s\\\":true},{\\\"type\\\":\\\"marker\\\",\\\"x\\\":682,\\\"y\\\":520,\\\"s\\\":true},{\\\"type\\\":\\\"marker\\\",\\\"x\\\":693,\\\"y\\\":520,\\\"s\\\":true},{\\\"type\\\":\\\"marker\\\",\\\"x\\\":697,\\\"y\\\":520,\\\"s\\\":true},{\\\"type\\\":\\\"marker\\\",\\\"x\\\":703,\\\"y\\\":520,\\\"s\\\":true},{\\\"type\\\":\\\"marker\\\",\\\"x\\\":710,\\\"y\\\":518,\\\"s\\\":true},{\\\"type\\\":\\\"marker\\\",\\\"x\\\":711,\\\"y\\\":512,\\\"s\\\":true},{\\\"type\\\":\\\"marker\\\",\\\"x\\\":713,\\\"y\\\":504,\\\"s\\\":true},{\\\"type\\\":\\\"marker\\\",\\\"x\\\":713,\\\"y\\\":495,\\\"s\\\":true},{\\\"type\\\":\\\"marker\\\",\\\"x\\\":713,\\\"y\\\":487,\\\"s\\\":true},{\\\"type\\\":\\\"marker\\\",\\\"x\\\":710,\\\"y\\\":475,\\\"s\\\":true},{\\\"type\\\":\\\"marker\\\",\\\"x\\\":709,\\\"y\\\":474,\\\"s\\\":true},{\\\"type\\\":\\\"marker\\\",\\\"x\\\":708,\\\"y\\\":471,\\\"s\\\":true},{\\\"type\\\":\\\"marker\\\",\\\"x\\\":707,\\\"y\\\":471,\\\"s\\\":true},{\\\"type\\\":\\\"marker\\\",\\\"x\\\":705,\\\"y\\\":471,\\\"s\\\":true},{\\\"type\\\":\\\"marker\\\",\\\"x\\\":704,\\\"y\\\":471,\\\"s\\\":true},{\\\"type\\\":\\\"marker\\\",\\\"x\\\":693,\\\"y\\\":477,\\\"s\\\":true},{\\\"type\\\":\\\"marker\\\",\\\"x\\\":686,\\\"y\\\":491,\\\"s\\\":true},{\\\"type\\\":\\\"marker\\\",\\\"x\\\":680,\\\"y\\\":507,\\\"s\\\":true},{\\\"type\\\":\\\"marker\\\",\\\"x\\\":675,\\\"y\\\":523,\\\"s\\\":true},{\\\"type\\\":\\\"marker\\\",\\\"x\\\":675,\\\"y\\\":536,\\\"s\\\":true},{\\\"type\\\":\\\"marker\\\",\\\"x\\\":679,\\\"y\\\":544,\\\"s\\\":true},{\\\"type\\\":\\\"marker\\\",\\\"x\\\":685,\\\"y\\\":557,\\\"s\\\":true},{\\\"type\\\":\\\"marker\\\",\\\"x\\\":692,\\\"y\\\":562,\\\"s\\\":true},{\\\"type\\\":\\\"marker\\\",\\\"x\\\":698,\\\"y\\\":564,\\\"s\\\":true},{\\\"type\\\":\\\"marker\\\",\\\"x\\\":707,\\\"y\\\":564,\\\"s\\\":true},{\\\"type\\\":\\\"marker\\\",\\\"x\\\":719,\\\"y\\\":557,\\\"s\\\":true},{\\\"type\\\":\\\"marker\\\",\\\"x\\\":734,\\\"y\\\":546,\\\"s\\\":true},{\\\"type\\\":\\\"marker\\\",\\\"x\\\":752,\\\"y\\\":530,\\\"s\\\":true},{\\\"type\\\":\\\"marker\\\",\\\"x\\\":757,\\\"y\\\":516,\\\"s\\\":true},{\\\"type\\\":\\\"marker\\\",\\\"x\\\":761,\\\"y\\\":499,\\\"s\\\":true},{\\\"type\\\":\\\"marker\\\",\\\"x\\\":761,\\\"y\\\":489,\\\"s\\\":true},{\\\"type\\\":\\\"marker\\\",\\\"x\\\":761,\\\"y\\\":482,\\\"s\\\":true},{\\\"type\\\":\\\"marker\\\",\\\"x\\\":761,\\\"y\\\":474,\\\"s\\\":true},{\\\"type\\\":\\\"marker\\\",\\\"x\\\":760,\\\"y\\\":474,\\\"s\\\":true},{\\\"type\\\":\\\"marker\\\",\\\"x\\\":758,\\\"y\\\":476,\\\"s\\\":true},{\\\"type\\\":\\\"marker\\\",\\\"x\\\":755,\\\"y\\\":479,\\\"s\\\":true},{\\\"type\\\":\\\"marker\\\",\\\"x\\\":754,\\\"y\\\":480,\\\"s\\\":true},{\\\"type\\\":\\\"marker\\\",\\\"x\\\":753,\\\"y\\\":481,\\\"s\\\":true},{\\\"type\\\":\\\"marker\\\",\\\"x\\\":753,\\\"y\\\":481,\\\"s\\\":false},{\\\"type\\\":\\\"idle\\\"},{\\\"type\\\":\\\"marker\\\",\\\"x\\\":717,\\\"y\\\":190,\\\"s\\\":true},{\\\"type\\\":\\\"marker\\\",\\\"x\\\":717,\\\"y\\\":188,\\\"s\\\":true},{\\\"type\\\":\\\"marker\\\",\\\"x\\\":717,\\\"y\\\":185,\\\"s\\\":true},{\\\"type\\\":\\\"marker\\\",\\\"x\\\":717,\\\"y\\\":182,\\\"s\\\":true},{\\\"type\\\":\\\"marker\\\",\\\"x\\\":720,\\\"y\\\":178,\\\"s\\\":true},{\\\"type\\\":\\\"marker\\\",\\\"x\\\":723,\\\"y\\\":175,\\\"s\\\":true},{\\\"type\\\":\\\"marker\\\",\\\"x\\\":727,\\\"y\\\":170,\\\"s\\\":true},{\\\"type\\\":\\\"marker\\\",\\\"x\\\":729,\\\"y\\\":168,\\\"s\\\":true},{\\\"type\\\":\\\"marker\\\",\\\"x\\\":731,\\\"y\\\":165,\\\"s\\\":true},{\\\"type\\\":\\\"marker\\\",\\\"x\\\":741,\\\"y\\\":160,\\\"s\\\":true},{\\\"type\\\":\\\"marker\\\",\\\"x\\\":747,\\\"y\\\":157,\\\"s\\\":true},{\\\"type\\\":\\\"marker\\\",\\\"x\\\":751,\\\"y\\\":155,\\\"s\\\":true},{\\\"type\\\":\\\"marker\\\",\\\"x\\\":758,\\\"y\\\":154,\\\"s\\\":true},{\\\"type\\\":\\\"marker\\\",\\\"x\\\":760,\\\"y\\\":154,\\\"s\\\":true},{\\\"type\\\":\\\"marker\\\",\\\"x\\\":765,\\\"y\\\":153,\\\"s\\\":true},{\\\"type\\\":\\\"marker\\\",\\\"x\\\":768,\\\"y\\\":153,\\\"s\\\":true},{\\\"type\\\":\\\"marker\\\",\\\"x\\\":771,\\\"y\\\":153,\\\"s\\\":true},{\\\"type\\\":\\\"marker\\\",\\\"x\\\":775,\\\"y\\\":153,\\\"s\\\":true},{\\\"type\\\":\\\"marker\\\",\\\"x\\\":778,\\\"y\\\":153,\\\"s\\\":true},{\\\"type\\\":\\\"marker\\\",\\\"x\\\":779,\\\"y\\\":153,\\\"s\\\":true},{\\\"type\\\":\\\"marker\\\",\\\"x\\\":786,\\\"y\\\":154,\\\"s\\\":true},{\\\"type\\\":\\\"marker\\\",\\\"x\\\":789,\\\"y\\\":156,\\\"s\\\":true},{\\\"type\\\":\\\"marker\\\",\\\"x\\\":790,\\\"y\\\":156,\\\"s\\\":true},{\\\"type\\\":\\\"marker\\\",\\\"x\\\":792,\\\"y\\\":159,\\\"s\\\":true},{\\\"type\\\":\\\"marker\\\",\\\"x\\\":794,\\\"y\\\":161,\\\"s\\\":true},{\\\"type\\\":\\\"marker\\\",\\\"x\\\":798,\\\"y\\\":164,\\\"s\\\":true},{\\\"type\\\":\\\"marker\\\",\\\"x\\\":799,\\\"y\\\":167,\\\"s\\\":true},{\\\"type\\\":\\\"marker\\\",\\\"x\\\":803,\\\"y\\\":170,\\\"s\\\":true},{\\\"type\\\":\\\"marker\\\",\\\"x\\\":804,\\\"y\\\":171,\\\"s\\\":true},{\\\"type\\\":\\\"marker\\\",\\\"x\\\":806,\\\"y\\\":175,\\\"s\\\":true},{\\\"type\\\":\\\"marker\\\",\\\"x\\\":806,\\\"y\\\":178,\\\"s\\\":true},{\\\"type\\\":\\\"marker\\\",\\\"x\\\":808,\\\"y\\\":181,\\\"s\\\":true},{\\\"type\\\":\\\"marker\\\",\\\"x\\\":812,\\\"y\\\":187,\\\"s\\\":true},{\\\"type\\\":\\\"marker\\\",\\\"x\\\":813,\\\"y\\\":190,\\\"s\\\":true},{\\\"type\\\":\\\"marker\\\",\\\"x\\\":814,\\\"y\\\":192,\\\"s\\\":true},{\\\"type\\\":\\\"marker\\\",\\\"x\\\":815,\\\"y\\\":195,\\\"s\\\":true},{\\\"type\\\":\\\"marker\\\",\\\"x\\\":816,\\\"y\\\":197,\\\"s\\\":true},{\\\"type\\\":\\\"marker\\\",\\\"x\\\":816,\\\"y\\\":199,\\\"s\\\":true},{\\\"type\\\":\\\"marker\\\",\\\"x\\\":816,\\\"y\\\":203,\\\"s\\\":true},{\\\"type\\\":\\\"marker\\\",\\\"x\\\":816,\\\"y\\\":204,\\\"s\\\":true},{\\\"type\\\":\\\"marker\\\",\\\"x\\\":817,\\\"y\\\":207,\\\"s\\\":true},{\\\"type\\\":\\\"marker\\\",\\\"x\\\":817,\\\"y\\\":209,\\\"s\\\":true},{\\\"type\\\":\\\"marker\\\",\\\"x\\\":817,\\\"y\\\":211,\\\"s\\\":true},{\\\"type\\\":\\\"marker\\\",\\\"x\\\":818,\\\"y\\\":215,\\\"s\\\":true},{\\\"type\\\":\\\"marker\\\",\\\"x\\\":818,\\\"y\\\":217,\\\"s\\\":true},{\\\"type\\\":\\\"marker\\\",\\\"x\\\":818,\\\"y\\\":219,\\\"s\\\":true},{\\\"type\\\":\\\"marker\\\",\\\"x\\\":818,\\\"y\\\":222,\\\"s\\\":true},{\\\"type\\\":\\\"marker\\\",\\\"x\\\":818,\\\"y\\\":223,\\\"s\\\":true},{\\\"type\\\":\\\"marker\\\",\\\"x\\\":816,\\\"y\\\":227,\\\"s\\\":true},{\\\"type\\\":\\\"marker\\\",\\\"x\\\":814,\\\"y\\\":229,\\\"s\\\":true},{\\\"type\\\":\\\"marker\\\",\\\"x\\\":809,\\\"y\\\":231,\\\"s\\\":true},{\\\"type\\\":\\\"marker\\\",\\\"x\\\":803,\\\"y\\\":232,\\\"s\\\":true},{\\\"type\\\":\\\"marker\\\",\\\"x\\\":797,\\\"y\\\":234,\\\"s\\\":true},{\\\"type\\\":\\\"marker\\\",\\\"x\\\":794,\\\"y\\\":235,\\\"s\\\":true},{\\\"type\\\":\\\"marker\\\",\\\"x\\\":787,\\\"y\\\":236,\\\"s\\\":true},{\\\"type\\\":\\\"marker\\\",\\\"x\\\":780,\\\"y\\\":237,\\\"s\\\":true},{\\\"type\\\":\\\"marker\\\",\\\"x\\\":778,\\\"y\\\":237,\\\"s\\\":true},{\\\"type\\\":\\\"marker\\\",\\\"x\\\":776,\\\"y\\\":237,\\\"s\\\":true},{\\\"type\\\":\\\"marker\\\",\\\"x\\\":771,\\\"y\\\":237,\\\"s\\\":true},{\\\"type\\\":\\\"marker\\\",\\\"x\\\":768,\\\"y\\\":237,\\\"s\\\":true},{\\\"type\\\":\\\"marker\\\",\\\"x\\\":766,\\\"y\\\":237,\\\"s\\\":true},{\\\"type\\\":\\\"marker\\\",\\\"x\\\":759,\\\"y\\\":237,\\\"s\\\":true},{\\\"type\\\":\\\"marker\\\",\\\"x\\\":756,\\\"y\\\":237,\\\"s\\\":true},{\\\"type\\\":\\\"marker\\\",\\\"x\\\":752,\\\"y\\\":236,\\\"s\\\":true},{\\\"type\\\":\\\"marker\\\",\\\"x\\\":749,\\\"y\\\":234,\\\"s\\\":true},{\\\"type\\\":\\\"marker\\\",\\\"x\\\":742,\\\"y\\\":230,\\\"s\\\":true},{\\\"type\\\":\\\"marker\\\",\\\"x\\\":737,\\\"y\\\":229,\\\"s\\\":true},{\\\"type\\\":\\\"marker\\\",\\\"x\\\":732,\\\"y\\\":225,\\\"s\\\":true},{\\\"type\\\":\\\"marker\\\",\\\"x\\\":730,\\\"y\\\":221,\\\"s\\\":true},{\\\"type\\\":\\\"marker\\\",\\\"x\\\":728,\\\"y\\\":220,\\\"s\\\":true},{\\\"type\\\":\\\"marker\\\",\\\"x\\\":726,\\\"y\\\":219,\\\"s\\\":true},{\\\"type\\\":\\\"marker\\\",\\\"x\\\":725,\\\"y\\\":218,\\\"s\\\":true},{\\\"type\\\":\\\"marker\\\",\\\"x\\\":723,\\\"y\\\":217,\\\"s\\\":true},{\\\"type\\\":\\\"marker\\\",\\\"x\\\":723,\\\"y\\\":216,\\\"s\\\":true},{\\\"type\\\":\\\"marker\\\",\\\"x\\\":723,\\\"y\\\":215,\\\"s\\\":true},{\\\"type\\\":\\\"marker\\\",\\\"x\\\":722,\\\"y\\\":211,\\\"s\\\":true},{\\\"type\\\":\\\"marker\\\",\\\"x\\\":721,\\\"y\\\":208,\\\"s\\\":true},{\\\"type\\\":\\\"marker\\\",\\\"x\\\":721,\\\"y\\\":207,\\\"s\\\":true},{\\\"type\\\":\\\"marker\\\",\\\"x\\\":720,\\\"y\\\":206,\\\"s\\\":true},{\\\"type\\\":\\\"marker\\\",\\\"x\\\":718,\\\"y\\\":199,\\\"s\\\":true},{\\\"type\\\":\\\"marker\\\",\\\"x\\\":718,\\\"y\\\":196,\\\"s\\\":true},{\\\"type\\\":\\\"marker\\\",\\\"x\\\":715,\\\"y\\\":192,\\\"s\\\":true},{\\\"type\\\":\\\"marker\\\",\\\"x\\\":714,\\\"y\\\":190,\\\"s\\\":true},{\\\"type\\\":\\\"marker\\\",\\\"x\\\":714,\\\"y\\\":189,\\\"s\\\":true},{\\\"type\\\":\\\"marker\\\",\\\"x\\\":714,\\\"y\\\":189,\\\"s\\\":false},{\\\"type\\\":\\\"idle\\\"}]', 29),
(67, '[{\\\"type\\\":\\\"color\\\",\\\"value\\\":\\\"#000\\\"},{\\\"type\\\":\\\"marker-eraser-size\\\",\\\"value\\\":2},{\\\"type\\\":\\\"text-size\\\",\\\"value\\\":\\\"12\\\"}]', 30),
(68, '[{\\\"type\\\":\\\"color\\\",\\\"value\\\":\\\"#000\\\"},{\\\"type\\\":\\\"marker-eraser-size\\\",\\\"value\\\":2},{\\\"type\\\":\\\"text-size\\\",\\\"value\\\":\\\"12\\\"},{\\\"type\\\":\\\"clear\\\"}]', 31),
(69, '[{\\\"type\\\":\\\"color\\\",\\\"value\\\":\\\"#000\\\"},{\\\"type\\\":\\\"marker-eraser-size\\\",\\\"value\\\":2},{\\\"type\\\":\\\"text-size\\\",\\\"value\\\":\\\"12\\\"}]', 32),
(70, '[{\\\"type\\\":\\\"color\\\",\\\"value\\\":\\\"#000\\\"},{\\\"type\\\":\\\"marker-eraser-size\\\",\\\"value\\\":2},{\\\"type\\\":\\\"text-size\\\",\\\"value\\\":\\\"12\\\"}]', 33),
(71, '[{\\\"type\\\":\\\"color\\\",\\\"value\\\":\\\"#000\\\"},{\\\"type\\\":\\\"marker-eraser-size\\\",\\\"value\\\":2},{\\\"type\\\":\\\"text-size\\\",\\\"value\\\":\\\"12\\\"}]', 34);
INSERT INTO `tbldataClass` (`iddataClass`, `value`, `idclassHold`) VALUES
(72, '[{\\\"type\\\":\\\"color\\\",\\\"value\\\":\\\"#000\\\"},{\\\"type\\\":\\\"marker-eraser-size\\\",\\\"value\\\":2},{\\\"type\\\":\\\"text-size\\\",\\\"value\\\":\\\"12\\\"},{\\\"type\\\":\\\"marker\\\",\\\"x\\\":387,\\\"y\\\":222,\\\"s\\\":true},{\\\"type\\\":\\\"marker\\\",\\\"x\\\":385,\\\"y\\\":222,\\\"s\\\":true},{\\\"type\\\":\\\"marker\\\",\\\"x\\\":379,\\\"y\\\":225,\\\"s\\\":true},{\\\"type\\\":\\\"marker\\\",\\\"x\\\":370,\\\"y\\\":237,\\\"s\\\":true},{\\\"type\\\":\\\"marker\\\",\\\"x\\\":368,\\\"y\\\":253,\\\"s\\\":true},{\\\"type\\\":\\\"marker\\\",\\\"x\\\":368,\\\"y\\\":266,\\\"s\\\":true},{\\\"type\\\":\\\"marker\\\",\\\"x\\\":369,\\\"y\\\":297,\\\"s\\\":true},{\\\"type\\\":\\\"marker\\\",\\\"x\\\":383,\\\"y\\\":334,\\\"s\\\":true},{\\\"type\\\":\\\"marker\\\",\\\"x\\\":406,\\\"y\\\":370,\\\"s\\\":true},{\\\"type\\\":\\\"marker\\\",\\\"x\\\":458,\\\"y\\\":406,\\\"s\\\":true},{\\\"type\\\":\\\"marker\\\",\\\"x\\\":477,\\\"y\\\":412,\\\"s\\\":true},{\\\"type\\\":\\\"marker\\\",\\\"x\\\":518,\\\"y\\\":418,\\\"s\\\":true},{\\\"type\\\":\\\"marker\\\",\\\"x\\\":555,\\\"y\\\":419,\\\"s\\\":true},{\\\"type\\\":\\\"marker\\\",\\\"x\\\":585,\\\"y\\\":417,\\\"s\\\":true},{\\\"type\\\":\\\"marker\\\",\\\"x\\\":589,\\\"y\\\":409,\\\"s\\\":true},{\\\"type\\\":\\\"marker\\\",\\\"x\\\":588,\\\"y\\\":400,\\\"s\\\":true},{\\\"type\\\":\\\"marker\\\",\\\"x\\\":581,\\\"y\\\":388,\\\"s\\\":true},{\\\"type\\\":\\\"marker\\\",\\\"x\\\":566,\\\"y\\\":380,\\\"s\\\":true},{\\\"type\\\":\\\"marker\\\",\\\"x\\\":546,\\\"y\\\":376,\\\"s\\\":true},{\\\"type\\\":\\\"marker\\\",\\\"x\\\":535,\\\"y\\\":376,\\\"s\\\":true},{\\\"type\\\":\\\"marker\\\",\\\"x\\\":521,\\\"y\\\":383,\\\"s\\\":true},{\\\"type\\\":\\\"marker\\\",\\\"x\\\":511,\\\"y\\\":403,\\\"s\\\":true},{\\\"type\\\":\\\"marker\\\",\\\"x\\\":510,\\\"y\\\":409,\\\"s\\\":true},{\\\"type\\\":\\\"marker\\\",\\\"x\\\":511,\\\"y\\\":414,\\\"s\\\":true},{\\\"type\\\":\\\"marker\\\",\\\"x\\\":519,\\\"y\\\":419,\\\"s\\\":true},{\\\"type\\\":\\\"marker\\\",\\\"x\\\":530,\\\"y\\\":420,\\\"s\\\":true},{\\\"type\\\":\\\"marker\\\",\\\"x\\\":539,\\\"y\\\":420,\\\"s\\\":true},{\\\"type\\\":\\\"marker\\\",\\\"x\\\":551,\\\"y\\\":420,\\\"s\\\":true},{\\\"type\\\":\\\"marker\\\",\\\"x\\\":553,\\\"y\\\":419,\\\"s\\\":true},{\\\"type\\\":\\\"marker\\\",\\\"x\\\":555,\\\"y\\\":416,\\\"s\\\":true},{\\\"type\\\":\\\"marker\\\",\\\"x\\\":555,\\\"y\\\":415,\\\"s\\\":true},{\\\"type\\\":\\\"marker\\\",\\\"x\\\":556,\\\"y\\\":410,\\\"s\\\":true},{\\\"type\\\":\\\"marker\\\",\\\"x\\\":556,\\\"y\\\":410,\\\"s\\\":false},{\\\"type\\\":\\\"idle\\\"},{\\\"type\\\":\\\"clear\\\"},{\\\"type\\\":\\\"marker\\\",\\\"x\\\":772,\\\"y\\\":701,\\\"s\\\":true},{\\\"type\\\":\\\"marker\\\",\\\"x\\\":775,\\\"y\\\":701,\\\"s\\\":true},{\\\"type\\\":\\\"marker\\\",\\\"x\\\":782,\\\"y\\\":701,\\\"s\\\":true},{\\\"type\\\":\\\"marker\\\",\\\"x\\\":787,\\\"y\\\":701,\\\"s\\\":true},{\\\"type\\\":\\\"marker\\\",\\\"x\\\":801,\\\"y\\\":709,\\\"s\\\":true},{\\\"type\\\":\\\"marker\\\",\\\"x\\\":812,\\\"y\\\":709,\\\"s\\\":true},{\\\"type\\\":\\\"marker\\\",\\\"x\\\":829,\\\"y\\\":709,\\\"s\\\":true},{\\\"type\\\":\\\"marker\\\",\\\"x\\\":839,\\\"y\\\":709,\\\"s\\\":true},{\\\"type\\\":\\\"marker\\\",\\\"x\\\":840,\\\"y\\\":710,\\\"s\\\":true},{\\\"type\\\":\\\"marker\\\",\\\"x\\\":838,\\\"y\\\":713,\\\"s\\\":true},{\\\"type\\\":\\\"marker\\\",\\\"x\\\":827,\\\"y\\\":717,\\\"s\\\":true},{\\\"type\\\":\\\"marker\\\",\\\"x\\\":820,\\\"y\\\":718,\\\"s\\\":true},{\\\"type\\\":\\\"marker\\\",\\\"x\\\":808,\\\"y\\\":718,\\\"s\\\":true},{\\\"type\\\":\\\"marker\\\",\\\"x\\\":794,\\\"y\\\":718,\\\"s\\\":true},{\\\"type\\\":\\\"marker\\\",\\\"x\\\":776,\\\"y\\\":717,\\\"s\\\":true},{\\\"type\\\":\\\"marker\\\",\\\"x\\\":754,\\\"y\\\":708,\\\"s\\\":true},{\\\"type\\\":\\\"marker\\\",\\\"x\\\":753,\\\"y\\\":707,\\\"s\\\":true},{\\\"type\\\":\\\"marker\\\",\\\"x\\\":748,\\\"y\\\":698,\\\"s\\\":true},{\\\"type\\\":\\\"marker\\\",\\\"x\\\":748,\\\"y\\\":692,\\\"s\\\":true},{\\\"type\\\":\\\"marker\\\",\\\"x\\\":749,\\\"y\\\":683,\\\"s\\\":true},{\\\"type\\\":\\\"marker\\\",\\\"x\\\":759,\\\"y\\\":678,\\\"s\\\":true},{\\\"type\\\":\\\"marker\\\",\\\"x\\\":775,\\\"y\\\":673,\\\"s\\\":true},{\\\"type\\\":\\\"marker\\\",\\\"x\\\":785,\\\"y\\\":673,\\\"s\\\":true},{\\\"type\\\":\\\"marker\\\",\\\"x\\\":800,\\\"y\\\":673,\\\"s\\\":true},{\\\"type\\\":\\\"marker\\\",\\\"x\\\":811,\\\"y\\\":673,\\\"s\\\":true},{\\\"type\\\":\\\"marker\\\",\\\"x\\\":822,\\\"y\\\":673,\\\"s\\\":true},{\\\"type\\\":\\\"marker\\\",\\\"x\\\":824,\\\"y\\\":684,\\\"s\\\":true},{\\\"type\\\":\\\"marker\\\",\\\"x\\\":824,\\\"y\\\":693,\\\"s\\\":true},{\\\"type\\\":\\\"marker\\\",\\\"x\\\":824,\\\"y\\\":700,\\\"s\\\":true},{\\\"type\\\":\\\"marker\\\",\\\"x\\\":815,\\\"y\\\":712,\\\"s\\\":true},{\\\"type\\\":\\\"marker\\\",\\\"x\\\":803,\\\"y\\\":719,\\\"s\\\":true},{\\\"type\\\":\\\"marker\\\",\\\"x\\\":792,\\\"y\\\":719,\\\"s\\\":true},{\\\"type\\\":\\\"marker\\\",\\\"x\\\":782,\\\"y\\\":719,\\\"s\\\":true},{\\\"type\\\":\\\"marker\\\",\\\"x\\\":775,\\\"y\\\":717,\\\"s\\\":true},{\\\"type\\\":\\\"marker\\\",\\\"x\\\":766,\\\"y\\\":709,\\\"s\\\":true},{\\\"type\\\":\\\"marker\\\",\\\"x\\\":763,\\\"y\\\":700,\\\"s\\\":true},{\\\"type\\\":\\\"marker\\\",\\\"x\\\":763,\\\"y\\\":691,\\\"s\\\":true},{\\\"type\\\":\\\"marker\\\",\\\"x\\\":763,\\\"y\\\":685,\\\"s\\\":true},{\\\"type\\\":\\\"marker\\\",\\\"x\\\":767,\\\"y\\\":678,\\\"s\\\":true},{\\\"type\\\":\\\"marker\\\",\\\"x\\\":772,\\\"y\\\":677,\\\"s\\\":true},{\\\"type\\\":\\\"marker\\\",\\\"x\\\":773,\\\"y\\\":677,\\\"s\\\":true},{\\\"type\\\":\\\"marker\\\",\\\"x\\\":774,\\\"y\\\":677,\\\"s\\\":true},{\\\"type\\\":\\\"marker\\\",\\\"x\\\":775,\\\"y\\\":686,\\\"s\\\":true},{\\\"type\\\":\\\"marker\\\",\\\"x\\\":775,\\\"y\\\":692,\\\"s\\\":true},{\\\"type\\\":\\\"marker\\\",\\\"x\\\":775,\\\"y\\\":699,\\\"s\\\":true},{\\\"type\\\":\\\"marker\\\",\\\"x\\\":773,\\\"y\\\":704,\\\"s\\\":true},{\\\"type\\\":\\\"marker\\\",\\\"x\\\":772,\\\"y\\\":704,\\\"s\\\":true},{\\\"type\\\":\\\"marker\\\",\\\"x\\\":770,\\\"y\\\":704,\\\"s\\\":true},{\\\"type\\\":\\\"marker\\\",\\\"x\\\":769,\\\"y\\\":703,\\\"s\\\":true},{\\\"type\\\":\\\"marker\\\",\\\"x\\\":769,\\\"y\\\":703,\\\"s\\\":false},{\\\"type\\\":\\\"idle\\\"},{\\\"type\\\":\\\"clear\\\"}]', 35),
(73, '[{\\\"type\\\":\\\"color\\\",\\\"value\\\":\\\"#000\\\"},{\\\"type\\\":\\\"marker-eraser-size\\\",\\\"value\\\":2},{\\\"type\\\":\\\"text-size\\\",\\\"value\\\":\\\"12\\\"}]', 36),
(74, '[{\\\"type\\\":\\\"color\\\",\\\"value\\\":\\\"#000\\\"},{\\\"type\\\":\\\"marker-eraser-size\\\",\\\"value\\\":2},{\\\"type\\\":\\\"text-size\\\",\\\"value\\\":\\\"12\\\"}]', 37),
(75, '[{\\\"type\\\":\\\"color\\\",\\\"value\\\":\\\"#000\\\"},{\\\"type\\\":\\\"marker-eraser-size\\\",\\\"value\\\":2},{\\\"type\\\":\\\"text-size\\\",\\\"value\\\":\\\"12\\\"},{\\\"type\\\":\\\"color\\\",\\\"value\\\":\\\"#be1e1e\\\"},{\\\"type\\\":\\\"color\\\",\\\"value\\\":\\\"#be1e1e\\\"},{\\\"type\\\":\\\"color\\\",\\\"value\\\":\\\"#c11f1f\\\"},{\\\"type\\\":\\\"color\\\",\\\"value\\\":\\\"#c11f1f\\\"},{\\\"type\\\":\\\"color\\\",\\\"value\\\":\\\"#c52020\\\"},{\\\"type\\\":\\\"color\\\",\\\"value\\\":\\\"#c52020\\\"},{\\\"type\\\":\\\"color\\\",\\\"value\\\":\\\"#ca2121\\\"},{\\\"type\\\":\\\"color\\\",\\\"value\\\":\\\"#ca2121\\\"},{\\\"type\\\":\\\"color\\\",\\\"value\\\":\\\"#ce2222\\\"},{\\\"type\\\":\\\"color\\\",\\\"value\\\":\\\"#ce2222\\\"},{\\\"type\\\":\\\"color\\\",\\\"value\\\":\\\"#cf2020\\\"},{\\\"type\\\":\\\"color\\\",\\\"value\\\":\\\"#cf2020\\\"},{\\\"type\\\":\\\"color\\\",\\\"value\\\":\\\"#d32222\\\"},{\\\"type\\\":\\\"color\\\",\\\"value\\\":\\\"#d32222\\\"},{\\\"type\\\":\\\"color\\\",\\\"value\\\":\\\"#e02424\\\"},{\\\"type\\\":\\\"color\\\",\\\"value\\\":\\\"#e02424\\\"},{\\\"type\\\":\\\"color\\\",\\\"value\\\":\\\"#e12323\\\"},{\\\"type\\\":\\\"color\\\",\\\"value\\\":\\\"#e12323\\\"},{\\\"type\\\":\\\"color\\\",\\\"value\\\":\\\"#e52424\\\"},{\\\"type\\\":\\\"color\\\",\\\"value\\\":\\\"#e52424\\\"},{\\\"type\\\":\\\"color\\\",\\\"value\\\":\\\"#e82626\\\"},{\\\"type\\\":\\\"color\\\",\\\"value\\\":\\\"#e82626\\\"},{\\\"type\\\":\\\"marker\\\",\\\"x\\\":581,\\\"y\\\":276,\\\"s\\\":true},{\\\"type\\\":\\\"marker\\\",\\\"x\\\":582,\\\"y\\\":276,\\\"s\\\":true},{\\\"type\\\":\\\"marker\\\",\\\"x\\\":580,\\\"y\\\":276,\\\"s\\\":true},{\\\"type\\\":\\\"marker\\\",\\\"x\\\":578,\\\"y\\\":276,\\\"s\\\":true},{\\\"type\\\":\\\"marker\\\",\\\"x\\\":574,\\\"y\\\":276,\\\"s\\\":true},{\\\"type\\\":\\\"marker\\\",\\\"x\\\":561,\\\"y\\\":287,\\\"s\\\":true},{\\\"type\\\":\\\"marker\\\",\\\"x\\\":542,\\\"y\\\":305,\\\"s\\\":true},{\\\"type\\\":\\\"marker\\\",\\\"x\\\":533,\\\"y\\\":322,\\\"s\\\":true},{\\\"type\\\":\\\"marker\\\",\\\"x\\\":532,\\\"y\\\":329,\\\"s\\\":true},{\\\"type\\\":\\\"marker\\\",\\\"x\\\":532,\\\"y\\\":340,\\\"s\\\":true},{\\\"type\\\":\\\"marker\\\",\\\"x\\\":532,\\\"y\\\":348,\\\"s\\\":true},{\\\"type\\\":\\\"marker\\\",\\\"x\\\":542,\\\"y\\\":357,\\\"s\\\":true},{\\\"type\\\":\\\"marker\\\",\\\"x\\\":557,\\\"y\\\":360,\\\"s\\\":true},{\\\"type\\\":\\\"marker\\\",\\\"x\\\":569,\\\"y\\\":360,\\\"s\\\":true},{\\\"type\\\":\\\"marker\\\",\\\"x\\\":589,\\\"y\\\":358,\\\"s\\\":true},{\\\"type\\\":\\\"marker\\\",\\\"x\\\":598,\\\"y\\\":355,\\\"s\\\":true},{\\\"type\\\":\\\"marker\\\",\\\"x\\\":607,\\\"y\\\":349,\\\"s\\\":true},{\\\"type\\\":\\\"marker\\\",\\\"x\\\":614,\\\"y\\\":337,\\\"s\\\":true},{\\\"type\\\":\\\"marker\\\",\\\"x\\\":614,\\\"y\\\":329,\\\"s\\\":true},{\\\"type\\\":\\\"marker\\\",\\\"x\\\":614,\\\"y\\\":315,\\\"s\\\":true},{\\\"type\\\":\\\"marker\\\",\\\"x\\\":605,\\\"y\\\":306,\\\"s\\\":true},{\\\"type\\\":\\\"marker\\\",\\\"x\\\":591,\\\"y\\\":299,\\\"s\\\":true},{\\\"type\\\":\\\"marker\\\",\\\"x\\\":577,\\\"y\\\":297,\\\"s\\\":true},{\\\"type\\\":\\\"marker\\\",\\\"x\\\":558,\\\"y\\\":297,\\\"s\\\":true},{\\\"type\\\":\\\"marker\\\",\\\"x\\\":538,\\\"y\\\":299,\\\"s\\\":true},{\\\"type\\\":\\\"marker\\\",\\\"x\\\":521,\\\"y\\\":311,\\\"s\\\":true},{\\\"type\\\":\\\"marker\\\",\\\"x\\\":516,\\\"y\\\":325,\\\"s\\\":true},{\\\"type\\\":\\\"marker\\\",\\\"x\\\":514,\\\"y\\\":342,\\\"s\\\":true},{\\\"type\\\":\\\"marker\\\",\\\"x\\\":519,\\\"y\\\":361,\\\"s\\\":true},{\\\"type\\\":\\\"marker\\\",\\\"x\\\":535,\\\"y\\\":378,\\\"s\\\":true},{\\\"type\\\":\\\"marker\\\",\\\"x\\\":557,\\\"y\\\":388,\\\"s\\\":true},{\\\"type\\\":\\\"marker\\\",\\\"x\\\":579,\\\"y\\\":392,\\\"s\\\":true},{\\\"type\\\":\\\"marker\\\",\\\"x\\\":604,\\\"y\\\":392,\\\"s\\\":true},{\\\"type\\\":\\\"marker\\\",\\\"x\\\":621,\\\"y\\\":391,\\\"s\\\":true},{\\\"type\\\":\\\"marker\\\",\\\"x\\\":630,\\\"y\\\":381,\\\"s\\\":true},{\\\"type\\\":\\\"marker\\\",\\\"x\\\":635,\\\"y\\\":367,\\\"s\\\":true},{\\\"type\\\":\\\"marker\\\",\\\"x\\\":636,\\\"y\\\":354,\\\"s\\\":true},{\\\"type\\\":\\\"marker\\\",\\\"x\\\":636,\\\"y\\\":346,\\\"s\\\":true},{\\\"type\\\":\\\"marker\\\",\\\"x\\\":632,\\\"y\\\":341,\\\"s\\\":true},{\\\"type\\\":\\\"marker\\\",\\\"x\\\":626,\\\"y\\\":340,\\\"s\\\":true},{\\\"type\\\":\\\"marker\\\",\\\"x\\\":611,\\\"y\\\":340,\\\"s\\\":true},{\\\"type\\\":\\\"marker\\\",\\\"x\\\":595,\\\"y\\\":347,\\\"s\\\":true},{\\\"type\\\":\\\"marker\\\",\\\"x\\\":583,\\\"y\\\":360,\\\"s\\\":true},{\\\"type\\\":\\\"marker\\\",\\\"x\\\":573,\\\"y\\\":388,\\\"s\\\":true},{\\\"type\\\":\\\"marker\\\",\\\"x\\\":572,\\\"y\\\":408,\\\"s\\\":true},{\\\"type\\\":\\\"marker\\\",\\\"x\\\":574,\\\"y\\\":424,\\\"s\\\":true},{\\\"type\\\":\\\"marker\\\",\\\"x\\\":582,\\\"y\\\":431,\\\"s\\\":true},{\\\"type\\\":\\\"marker\\\",\\\"x\\\":600,\\\"y\\\":432,\\\"s\\\":true},{\\\"type\\\":\\\"marker\\\",\\\"x\\\":617,\\\"y\\\":432,\\\"s\\\":true},{\\\"type\\\":\\\"marker\\\",\\\"x\\\":626,\\\"y\\\":432,\\\"s\\\":true},{\\\"type\\\":\\\"marker\\\",\\\"x\\\":640,\\\"y\\\":426,\\\"s\\\":true},{\\\"type\\\":\\\"marker\\\",\\\"x\\\":651,\\\"y\\\":415,\\\"s\\\":true},{\\\"type\\\":\\\"marker\\\",\\\"x\\\":657,\\\"y\\\":403,\\\"s\\\":true},{\\\"type\\\":\\\"marker\\\",\\\"x\\\":657,\\\"y\\\":400,\\\"s\\\":true},{\\\"type\\\":\\\"marker\\\",\\\"x\\\":656,\\\"y\\\":397,\\\"s\\\":true},{\\\"type\\\":\\\"marker\\\",\\\"x\\\":654,\\\"y\\\":397,\\\"s\\\":true},{\\\"type\\\":\\\"marker\\\",\\\"x\\\":646,\\\"y\\\":402,\\\"s\\\":true},{\\\"type\\\":\\\"marker\\\",\\\"x\\\":643,\\\"y\\\":418,\\\"s\\\":true},{\\\"type\\\":\\\"marker\\\",\\\"x\\\":641,\\\"y\\\":435,\\\"s\\\":true},{\\\"type\\\":\\\"marker\\\",\\\"x\\\":641,\\\"y\\\":451,\\\"s\\\":true},{\\\"type\\\":\\\"marker\\\",\\\"x\\\":647,\\\"y\\\":459,\\\"s\\\":true},{\\\"type\\\":\\\"marker\\\",\\\"x\\\":651,\\\"y\\\":464,\\\"s\\\":true},{\\\"type\\\":\\\"marker\\\",\\\"x\\\":656,\\\"y\\\":467,\\\"s\\\":true},{\\\"type\\\":\\\"marker\\\",\\\"x\\\":658,\\\"y\\\":467,\\\"s\\\":true},{\\\"type\\\":\\\"marker\\\",\\\"x\\\":660,\\\"y\\\":467,\\\"s\\\":true},{\\\"type\\\":\\\"marker\\\",\\\"x\\\":663,\\\"y\\\":467,\\\"s\\\":true},{\\\"type\\\":\\\"marker\\\",\\\"x\\\":665,\\\"y\\\":464,\\\"s\\\":true},{\\\"type\\\":\\\"marker\\\",\\\"x\\\":665,\\\"y\\\":464,\\\"s\\\":false},{\\\"type\\\":\\\"idle\\\"},{\\\"type\\\":\\\"clear\\\"},{\\\"type\\\":\\\"marker\\\",\\\"x\\\":764,\\\"y\\\":444,\\\"s\\\":true},{\\\"type\\\":\\\"marker\\\",\\\"x\\\":760,\\\"y\\\":447,\\\"s\\\":true},{\\\"type\\\":\\\"marker\\\",\\\"x\\\":750,\\\"y\\\":457,\\\"s\\\":true},{\\\"type\\\":\\\"marker\\\",\\\"x\\\":737,\\\"y\\\":470,\\\"s\\\":true},{\\\"type\\\":\\\"marker\\\",\\\"x\\\":731,\\\"y\\\":480,\\\"s\\\":true},{\\\"type\\\":\\\"marker\\\",\\\"x\\\":726,\\\"y\\\":496,\\\"s\\\":true},{\\\"type\\\":\\\"marker\\\",\\\"x\\\":724,\\\"y\\\":516,\\\"s\\\":true},{\\\"type\\\":\\\"marker\\\",\\\"x\\\":724,\\\"y\\\":531,\\\"s\\\":true},{\\\"type\\\":\\\"marker\\\",\\\"x\\\":726,\\\"y\\\":542,\\\"s\\\":true},{\\\"type\\\":\\\"marker\\\",\\\"x\\\":737,\\\"y\\\":553,\\\"s\\\":true},{\\\"type\\\":\\\"marker\\\",\\\"x\\\":753,\\\"y\\\":559,\\\"s\\\":true},{\\\"type\\\":\\\"marker\\\",\\\"x\\\":773,\\\"y\\\":561,\\\"s\\\":true},{\\\"type\\\":\\\"marker\\\",\\\"x\\\":798,\\\"y\\\":560,\\\"s\\\":true},{\\\"type\\\":\\\"marker\\\",\\\"x\\\":807,\\\"y\\\":555,\\\"s\\\":true},{\\\"type\\\":\\\"marker\\\",\\\"x\\\":810,\\\"y\\\":549,\\\"s\\\":true},{\\\"type\\\":\\\"marker\\\",\\\"x\\\":810,\\\"y\\\":543,\\\"s\\\":true},{\\\"type\\\":\\\"marker\\\",\\\"x\\\":806,\\\"y\\\":533,\\\"s\\\":true},{\\\"type\\\":\\\"marker\\\",\\\"x\\\":792,\\\"y\\\":525,\\\"s\\\":true},{\\\"type\\\":\\\"marker\\\",\\\"x\\\":774,\\\"y\\\":522,\\\"s\\\":true},{\\\"type\\\":\\\"marker\\\",\\\"x\\\":763,\\\"y\\\":522,\\\"s\\\":true},{\\\"type\\\":\\\"marker\\\",\\\"x\\\":744,\\\"y\\\":522,\\\"s\\\":true},{\\\"type\\\":\\\"marker\\\",\\\"x\\\":730,\\\"y\\\":526,\\\"s\\\":true},{\\\"type\\\":\\\"marker\\\",\\\"x\\\":721,\\\"y\\\":536,\\\"s\\\":true},{\\\"type\\\":\\\"marker\\\",\\\"x\\\":721,\\\"y\\\":544,\\\"s\\\":true},{\\\"type\\\":\\\"marker\\\",\\\"x\\\":733,\\\"y\\\":566,\\\"s\\\":true},{\\\"type\\\":\\\"marker\\\",\\\"x\\\":741,\\\"y\\\":573,\\\"s\\\":true},{\\\"type\\\":\\\"marker\\\",\\\"x\\\":761,\\\"y\\\":582,\\\"s\\\":true},{\\\"type\\\":\\\"marker\\\",\\\"x\\\":775,\\\"y\\\":587,\\\"s\\\":true},{\\\"type\\\":\\\"marker\\\",\\\"x\\\":779,\\\"y\\\":587,\\\"s\\\":true},{\\\"type\\\":\\\"marker\\\",\\\"x\\\":784,\\\"y\\\":587,\\\"s\\\":true},{\\\"type\\\":\\\"marker\\\",\\\"x\\\":784,\\\"y\\\":587,\\\"s\\\":false},{\\\"type\\\":\\\"idle\\\"}]', 38),
(78, '[{\\\"type\\\":\\\"color\\\",\\\"value\\\":\\\"#000\\\"},{\\\"type\\\":\\\"marker-eraser-size\\\",\\\"value\\\":2},{\\\"type\\\":\\\"text-size\\\",\\\"value\\\":\\\"12\\\"}]', 41),
(79, '[{\\\"type\\\":\\\"color\\\",\\\"value\\\":\\\"#000\\\"},{\\\"type\\\":\\\"marker-eraser-size\\\",\\\"value\\\":2},{\\\"type\\\":\\\"text-size\\\",\\\"value\\\":\\\"12\\\"}]', 42),
(80, '[{\\\"type\\\":\\\"color\\\",\\\"value\\\":\\\"#000\\\"},{\\\"type\\\":\\\"marker-eraser-size\\\",\\\"value\\\":2},{\\\"type\\\":\\\"text-size\\\",\\\"value\\\":\\\"12\\\"}]', 43),
(81, '[{\\\"type\\\":\\\"color\\\",\\\"value\\\":\\\"#000\\\"},{\\\"type\\\":\\\"marker-eraser-size\\\",\\\"value\\\":2},{\\\"type\\\":\\\"text-size\\\",\\\"value\\\":\\\"12\\\"}]', 44),
(82, '[{\\\"type\\\":\\\"color\\\",\\\"value\\\":\\\"#000\\\"},{\\\"type\\\":\\\"marker-eraser-size\\\",\\\"value\\\":2},{\\\"type\\\":\\\"text-size\\\",\\\"value\\\":\\\"12\\\"}]', 45),
(83, '[{\\\"type\\\":\\\"color\\\",\\\"value\\\":\\\"#000\\\"},{\\\"type\\\":\\\"marker-eraser-size\\\",\\\"value\\\":2},{\\\"type\\\":\\\"text-size\\\",\\\"value\\\":\\\"12\\\"},{\\\"type\\\":\\\"clear\\\"},{\\\"type\\\":\\\"clear\\\"},{\\\"type\\\":\\\"clear\\\"}]', 46),
(84, '[{\\\"type\\\":\\\"color\\\",\\\"value\\\":\\\"#000\\\"},{\\\"type\\\":\\\"marker-eraser-size\\\",\\\"value\\\":2},{\\\"type\\\":\\\"text-size\\\",\\\"value\\\":\\\"12\\\"}]', 47),
(85, '[{\\\"type\\\":\\\"color\\\",\\\"value\\\":\\\"#000\\\"},{\\\"type\\\":\\\"marker-eraser-size\\\",\\\"value\\\":2},{\\\"type\\\":\\\"text-size\\\",\\\"value\\\":\\\"12\\\"}]', 48),
(86, '[{\\\"type\\\":\\\"color\\\",\\\"value\\\":\\\"#000\\\"},{\\\"type\\\":\\\"marker-eraser-size\\\",\\\"value\\\":2},{\\\"type\\\":\\\"text-size\\\",\\\"value\\\":\\\"12\\\"}]', 49),
(87, '[{\\\"type\\\":\\\"color\\\",\\\"value\\\":\\\"#000\\\"},{\\\"type\\\":\\\"marker-eraser-size\\\",\\\"value\\\":2},{\\\"type\\\":\\\"text-size\\\",\\\"value\\\":\\\"12\\\"},{\\\"type\\\":\\\"pdf\\\",\\\"url\\\":\\\"assets/WebProgramming-Project-1400-spring.pdf\\\"}]', 50),
(88, '[{\\\"type\\\":\\\"color\\\",\\\"value\\\":\\\"#000\\\"},{\\\"type\\\":\\\"marker-eraser-size\\\",\\\"value\\\":2},{\\\"type\\\":\\\"text-size\\\",\\\"value\\\":\\\"12\\\"}]', 51),
(76, '[{\\\"type\\\":\\\"color\\\",\\\"value\\\":\\\"#000\\\"},{\\\"type\\\":\\\"marker-eraser-size\\\",\\\"value\\\":2},{\\\"type\\\":\\\"text-size\\\",\\\"value\\\":\\\"12\\\"},{\\\"type\\\":\\\"marker\\\",\\\"x\\\":368,\\\"y\\\":88,\\\"s\\\":true},{\\\"type\\\":\\\"marker\\\",\\\"x\\\":374,\\\"y\\\":96,\\\"s\\\":true},{\\\"type\\\":\\\"marker\\\",\\\"x\\\":387,\\\"y\\\":110,\\\"s\\\":true},{\\\"type\\\":\\\"marker\\\",\\\"x\\\":406,\\\"y\\\":120,\\\"s\\\":true},{\\\"type\\\":\\\"marker\\\",\\\"x\\\":426,\\\"y\\\":128,\\\"s\\\":true},{\\\"type\\\":\\\"marker\\\",\\\"x\\\":447,\\\"y\\\":134,\\\"s\\\":true},{\\\"type\\\":\\\"marker\\\",\\\"x\\\":467,\\\"y\\\":138,\\\"s\\\":true},{\\\"type\\\":\\\"marker\\\",\\\"x\\\":490,\\\"y\\\":138,\\\"s\\\":true},{\\\"type\\\":\\\"marker\\\",\\\"x\\\":513,\\\"y\\\":138,\\\"s\\\":true},{\\\"type\\\":\\\"marker\\\",\\\"x\\\":543,\\\"y\\\":128,\\\"s\\\":true},{\\\"type\\\":\\\"marker\\\",\\\"x\\\":563,\\\"y\\\":121,\\\"s\\\":true},{\\\"type\\\":\\\"marker\\\",\\\"x\\\":586,\\\"y\\\":115,\\\"s\\\":true},{\\\"type\\\":\\\"marker\\\",\\\"x\\\":606,\\\"y\\\":108,\\\"s\\\":true},{\\\"type\\\":\\\"marker\\\",\\\"x\\\":620,\\\"y\\\":102,\\\"s\\\":true},{\\\"type\\\":\\\"marker\\\",\\\"x\\\":634,\\\"y\\\":99,\\\"s\\\":true},{\\\"type\\\":\\\"marker\\\",\\\"x\\\":646,\\\"y\\\":99,\\\"s\\\":true},{\\\"type\\\":\\\"marker\\\",\\\"x\\\":658,\\\"y\\\":99,\\\"s\\\":true},{\\\"type\\\":\\\"marker\\\",\\\"x\\\":668,\\\"y\\\":99,\\\"s\\\":true},{\\\"type\\\":\\\"marker\\\",\\\"x\\\":679,\\\"y\\\":99,\\\"s\\\":true},{\\\"type\\\":\\\"marker\\\",\\\"x\\\":690,\\\"y\\\":102,\\\"s\\\":true},{\\\"type\\\":\\\"marker\\\",\\\"x\\\":701,\\\"y\\\":107,\\\"s\\\":true},{\\\"type\\\":\\\"marker\\\",\\\"x\\\":714,\\\"y\\\":122,\\\"s\\\":true},{\\\"type\\\":\\\"marker\\\",\\\"x\\\":721,\\\"y\\\":140,\\\"s\\\":true},{\\\"type\\\":\\\"marker\\\",\\\"x\\\":728,\\\"y\\\":162,\\\"s\\\":true},{\\\"type\\\":\\\"marker\\\",\\\"x\\\":730,\\\"y\\\":187,\\\"s\\\":true},{\\\"type\\\":\\\"marker\\\",\\\"x\\\":730,\\\"y\\\":207,\\\"s\\\":true},{\\\"type\\\":\\\"marker\\\",\\\"x\\\":730,\\\"y\\\":226,\\\"s\\\":true},{\\\"type\\\":\\\"marker\\\",\\\"x\\\":723,\\\"y\\\":245,\\\"s\\\":true},{\\\"type\\\":\\\"marker\\\",\\\"x\\\":712,\\\"y\\\":259,\\\"s\\\":true},{\\\"type\\\":\\\"marker\\\",\\\"x\\\":696,\\\"y\\\":269,\\\"s\\\":true},{\\\"type\\\":\\\"marker\\\",\\\"x\\\":675,\\\"y\\\":277,\\\"s\\\":true},{\\\"type\\\":\\\"marker\\\",\\\"x\\\":654,\\\"y\\\":282,\\\"s\\\":true},{\\\"type\\\":\\\"marker\\\",\\\"x\\\":634,\\\"y\\\":282,\\\"s\\\":true},{\\\"type\\\":\\\"marker\\\",\\\"x\\\":604,\\\"y\\\":282,\\\"s\\\":true},{\\\"type\\\":\\\"marker\\\",\\\"x\\\":582,\\\"y\\\":276,\\\"s\\\":true},{\\\"type\\\":\\\"marker\\\",\\\"x\\\":560,\\\"y\\\":269,\\\"s\\\":true},{\\\"type\\\":\\\"marker\\\",\\\"x\\\":539,\\\"y\\\":261,\\\"s\\\":true},{\\\"type\\\":\\\"marker\\\",\\\"x\\\":519,\\\"y\\\":255,\\\"s\\\":true},{\\\"type\\\":\\\"marker\\\",\\\"x\\\":498,\\\"y\\\":241,\\\"s\\\":true},{\\\"type\\\":\\\"marker\\\",\\\"x\\\":475,\\\"y\\\":227,\\\"s\\\":true},{\\\"type\\\":\\\"marker\\\",\\\"x\\\":454,\\\"y\\\":215,\\\"s\\\":true},{\\\"type\\\":\\\"marker\\\",\\\"x\\\":432,\\\"y\\\":204,\\\"s\\\":true},{\\\"type\\\":\\\"marker\\\",\\\"x\\\":412,\\\"y\\\":198,\\\"s\\\":true},{\\\"type\\\":\\\"marker\\\",\\\"x\\\":396,\\\"y\\\":193,\\\"s\\\":true},{\\\"type\\\":\\\"marker\\\",\\\"x\\\":382,\\\"y\\\":191,\\\"s\\\":true},{\\\"type\\\":\\\"marker\\\",\\\"x\\\":368,\\\"y\\\":191,\\\"s\\\":true},{\\\"type\\\":\\\"marker\\\",\\\"x\\\":349,\\\"y\\\":203,\\\"s\\\":true},{\\\"type\\\":\\\"marker\\\",\\\"x\\\":338,\\\"y\\\":220,\\\"s\\\":true},{\\\"type\\\":\\\"marker\\\",\\\"x\\\":330,\\\"y\\\":236,\\\"s\\\":true},{\\\"type\\\":\\\"marker\\\",\\\"x\\\":326,\\\"y\\\":244,\\\"s\\\":true},{\\\"type\\\":\\\"marker\\\",\\\"x\\\":326,\\\"y\\\":248,\\\"s\\\":true},{\\\"type\\\":\\\"marker\\\",\\\"x\\\":326,\\\"y\\\":250,\\\"s\\\":true},{\\\"type\\\":\\\"marker\\\",\\\"x\\\":326,\\\"y\\\":251,\\\"s\\\":true},{\\\"type\\\":\\\"marker\\\",\\\"x\\\":328,\\\"y\\\":252,\\\"s\\\":true},{\\\"type\\\":\\\"marker\\\",\\\"x\\\":328,\\\"y\\\":252,\\\"s\\\":false},{\\\"type\\\":\\\"idle\\\"},{\\\"type\\\":\\\"clear\\\"},{\\\"type\\\":\\\"marker\\\",\\\"x\\\":299,\\\"y\\\":44,\\\"s\\\":true},{\\\"type\\\":\\\"marker\\\",\\\"x\\\":303,\\\"y\\\":49,\\\"s\\\":true},{\\\"type\\\":\\\"marker\\\",\\\"x\\\":318,\\\"y\\\":64,\\\"s\\\":true},{\\\"type\\\":\\\"marker\\\",\\\"x\\\":339,\\\"y\\\":80,\\\"s\\\":true},{\\\"type\\\":\\\"marker\\\",\\\"x\\\":374,\\\"y\\\":102,\\\"s\\\":true},{\\\"type\\\":\\\"marker\\\",\\\"x\\\":411,\\\"y\\\":127,\\\"s\\\":true},{\\\"type\\\":\\\"marker\\\",\\\"x\\\":447,\\\"y\\\":144,\\\"s\\\":true},{\\\"type\\\":\\\"marker\\\",\\\"x\\\":480,\\\"y\\\":153,\\\"s\\\":true},{\\\"type\\\":\\\"marker\\\",\\\"x\\\":518,\\\"y\\\":164,\\\"s\\\":true},{\\\"type\\\":\\\"marker\\\",\\\"x\\\":538,\\\"y\\\":164,\\\"s\\\":true},{\\\"type\\\":\\\"marker\\\",\\\"x\\\":556,\\\"y\\\":164,\\\"s\\\":true},{\\\"type\\\":\\\"marker\\\",\\\"x\\\":574,\\\"y\\\":164,\\\"s\\\":true},{\\\"type\\\":\\\"marker\\\",\\\"x\\\":595,\\\"y\\\":156,\\\"s\\\":true},{\\\"type\\\":\\\"marker\\\",\\\"x\\\":616,\\\"y\\\":151,\\\"s\\\":true},{\\\"type\\\":\\\"marker\\\",\\\"x\\\":636,\\\"y\\\":148,\\\"s\\\":true},{\\\"type\\\":\\\"marker\\\",\\\"x\\\":658,\\\"y\\\":148,\\\"s\\\":true},{\\\"type\\\":\\\"marker\\\",\\\"x\\\":678,\\\"y\\\":148,\\\"s\\\":true},{\\\"type\\\":\\\"marker\\\",\\\"x\\\":698,\\\"y\\\":148,\\\"s\\\":true},{\\\"type\\\":\\\"marker\\\",\\\"x\\\":718,\\\"y\\\":148,\\\"s\\\":true},{\\\"type\\\":\\\"marker\\\",\\\"x\\\":738,\\\"y\\\":148,\\\"s\\\":true},{\\\"type\\\":\\\"marker\\\",\\\"x\\\":760,\\\"y\\\":148,\\\"s\\\":true},{\\\"type\\\":\\\"marker\\\",\\\"x\\\":789,\\\"y\\\":148,\\\"s\\\":true},{\\\"type\\\":\\\"marker\\\",\\\"x\\\":806,\\\"y\\\":152,\\\"s\\\":true},{\\\"type\\\":\\\"marker\\\",\\\"x\\\":820,\\\"y\\\":156,\\\"s\\\":true},{\\\"type\\\":\\\"marker\\\",\\\"x\\\":830,\\\"y\\\":164,\\\"s\\\":true},{\\\"type\\\":\\\"marker\\\",\\\"x\\\":834,\\\"y\\\":177,\\\"s\\\":true},{\\\"type\\\":\\\"marker\\\",\\\"x\\\":837,\\\"y\\\":196,\\\"s\\\":true},{\\\"type\\\":\\\"marker\\\",\\\"x\\\":837,\\\"y\\\":217,\\\"s\\\":true},{\\\"type\\\":\\\"marker\\\",\\\"x\\\":834,\\\"y\\\":244,\\\"s\\\":true},{\\\"type\\\":\\\"marker\\\",\\\"x\\\":825,\\\"y\\\":268,\\\"s\\\":true},{\\\"type\\\":\\\"marker\\\",\\\"x\\\":815,\\\"y\\\":289,\\\"s\\\":true},{\\\"type\\\":\\\"marker\\\",\\\"x\\\":801,\\\"y\\\":309,\\\"s\\\":true},{\\\"type\\\":\\\"marker\\\",\\\"x\\\":780,\\\"y\\\":322,\\\"s\\\":true},{\\\"type\\\":\\\"marker\\\",\\\"x\\\":732,\\\"y\\\":340,\\\"s\\\":true},{\\\"type\\\":\\\"marker\\\",\\\"x\\\":702,\\\"y\\\":348,\\\"s\\\":true},{\\\"type\\\":\\\"marker\\\",\\\"x\\\":673,\\\"y\\\":348,\\\"s\\\":true},{\\\"type\\\":\\\"marker\\\",\\\"x\\\":643,\\\"y\\\":348,\\\"s\\\":true},{\\\"type\\\":\\\"marker\\\",\\\"x\\\":613,\\\"y\\\":342,\\\"s\\\":true},{\\\"type\\\":\\\"marker\\\",\\\"x\\\":579,\\\"y\\\":330,\\\"s\\\":true},{\\\"type\\\":\\\"marker\\\",\\\"x\\\":546,\\\"y\\\":320,\\\"s\\\":true},{\\\"type\\\":\\\"marker\\\",\\\"x\\\":516,\\\"y\\\":310,\\\"s\\\":true},{\\\"type\\\":\\\"marker\\\",\\\"x\\\":497,\\\"y\\\":302,\\\"s\\\":true},{\\\"type\\\":\\\"marker\\\",\\\"x\\\":478,\\\"y\\\":296,\\\"s\\\":true},{\\\"type\\\":\\\"marker\\\",\\\"x\\\":462,\\\"y\\\":291,\\\"s\\\":true},{\\\"type\\\":\\\"marker\\\",\\\"x\\\":445,\\\"y\\\":281,\\\"s\\\":true},{\\\"type\\\":\\\"marker\\\",\\\"x\\\":422,\\\"y\\\":266,\\\"s\\\":true},{\\\"type\\\":\\\"marker\\\",\\\"x\\\":405,\\\"y\\\":255,\\\"s\\\":true},{\\\"type\\\":\\\"marker\\\",\\\"x\\\":387,\\\"y\\\":244,\\\"s\\\":true},{\\\"type\\\":\\\"marker\\\",\\\"x\\\":371,\\\"y\\\":233,\\\"s\\\":true},{\\\"type\\\":\\\"marker\\\",\\\"x\\\":355,\\\"y\\\":223,\\\"s\\\":true},{\\\"type\\\":\\\"marker\\\",\\\"x\\\":341,\\\"y\\\":212,\\\"s\\\":true},{\\\"type\\\":\\\"marker\\\",\\\"x\\\":327,\\\"y\\\":204,\\\"s\\\":true},{\\\"type\\\":\\\"marker\\\",\\\"x\\\":318,\\\"y\\\":200,\\\"s\\\":true},{\\\"type\\\":\\\"marker\\\",\\\"x\\\":310,\\\"y\\\":196,\\\"s\\\":true},{\\\"type\\\":\\\"marker\\\",\\\"x\\\":306,\\\"y\\\":196,\\\"s\\\":true},{\\\"type\\\":\\\"marker\\\",\\\"x\\\":303,\\\"y\\\":195,\\\"s\\\":true},{\\\"type\\\":\\\"marker\\\",\\\"x\\\":303,\\\"y\\\":195,\\\"s\\\":false},{\\\"type\\\":\\\"idle\\\"},{\\\"type\\\":\\\"eraser\\\",\\\"x\\\":497,\\\"y\\\":52,\\\"s\\\":true},{\\\"type\\\":\\\"eraser\\\",\\\"x\\\":498,\\\"y\\\":54,\\\"s\\\":true},{\\\"type\\\":\\\"eraser\\\",\\\"x\\\":498,\\\"y\\\":54,\\\"s\\\":true},{\\\"type\\\":\\\"eraser\\\",\\\"x\\\":498,\\\"y\\\":57,\\\"s\\\":true},{\\\"type\\\":\\\"eraser\\\",\\\"x\\\":498,\\\"y\\\":57,\\\"s\\\":true},{\\\"type\\\":\\\"eraser\\\",\\\"x\\\":498,\\\"y\\\":65,\\\"s\\\":true},{\\\"type\\\":\\\"eraser\\\",\\\"x\\\":498,\\\"y\\\":65,\\\"s\\\":true},{\\\"type\\\":\\\"eraser\\\",\\\"x\\\":498,\\\"y\\\":76,\\\"s\\\":true},{\\\"type\\\":\\\"eraser\\\",\\\"x\\\":498,\\\"y\\\":76,\\\"s\\\":true},{\\\"type\\\":\\\"eraser\\\",\\\"x\\\":498,\\\"y\\\":89,\\\"s\\\":true},{\\\"type\\\":\\\"eraser\\\",\\\"x\\\":498,\\\"y\\\":89,\\\"s\\\":true},{\\\"type\\\":\\\"eraser\\\",\\\"x\\\":504,\\\"y\\\":105,\\\"s\\\":true},{\\\"type\\\":\\\"eraser\\\",\\\"x\\\":504,\\\"y\\\":105,\\\"s\\\":true},{\\\"type\\\":\\\"eraser\\\",\\\"x\\\":510,\\\"y\\\":123,\\\"s\\\":true},{\\\"type\\\":\\\"eraser\\\",\\\"x\\\":510,\\\"y\\\":123,\\\"s\\\":true},{\\\"type\\\":\\\"eraser\\\",\\\"x\\\":517,\\\"y\\\":139,\\\"s\\\":true},{\\\"type\\\":\\\"eraser\\\",\\\"x\\\":517,\\\"y\\\":139,\\\"s\\\":true},{\\\"type\\\":\\\"eraser\\\",\\\"x\\\":526,\\\"y\\\":153,\\\"s\\\":true},{\\\"type\\\":\\\"eraser\\\",\\\"x\\\":526,\\\"y\\\":153,\\\"s\\\":true},{\\\"type\\\":\\\"eraser\\\",\\\"x\\\":534,\\\"y\\\":164,\\\"s\\\":true},{\\\"type\\\":\\\"eraser\\\",\\\"x\\\":534,\\\"y\\\":164,\\\"s\\\":true},{\\\"type\\\":\\\"eraser\\\",\\\"x\\\":538,\\\"y\\\":171,\\\"s\\\":true},{\\\"type\\\":\\\"eraser\\\",\\\"x\\\":538,\\\"y\\\":171,\\\"s\\\":true},{\\\"type\\\":\\\"eraser\\\",\\\"x\\\":540,\\\"y\\\":175,\\\"s\\\":true},{\\\"type\\\":\\\"eraser\\\",\\\"x\\\":540,\\\"y\\\":175,\\\"s\\\":true},{\\\"type\\\":\\\"eraser\\\",\\\"x\\\":542,\\\"y\\\":176,\\\"s\\\":true},{\\\"type\\\":\\\"eraser\\\",\\\"x\\\":542,\\\"y\\\":176,\\\"s\\\":true},{\\\"type\\\":\\\"eraser\\\",\\\"x\\\":543,\\\"y\\\":176,\\\"s\\\":true},{\\\"type\\\":\\\"eraser\\\",\\\"x\\\":543,\\\"y\\\":176,\\\"s\\\":true},{\\\"type\\\":\\\"eraser\\\",\\\"x\\\":545,\\\"y\\\":177,\\\"s\\\":true},{\\\"type\\\":\\\"eraser\\\",\\\"x\\\":545,\\\"y\\\":177,\\\"s\\\":true},{\\\"type\\\":\\\"eraser\\\",\\\"x\\\":546,\\\"y\\\":177,\\\"s\\\":true},{\\\"type\\\":\\\"eraser\\\",\\\"x\\\":546,\\\"y\\\":177,\\\"s\\\":true},{\\\"type\\\":\\\"eraser\\\",\\\"x\\\":547,\\\"y\\\":177,\\\"s\\\":true},{\\\"type\\\":\\\"eraser\\\",\\\"x\\\":547,\\\"y\\\":177,\\\"s\\\":true},{\\\"type\\\":\\\"eraser\\\",\\\"x\\\":551,\\\"y\\\":177,\\\"s\\\":true},{\\\"type\\\":\\\"eraser\\\",\\\"x\\\":551,\\\"y\\\":177,\\\"s\\\":true},{\\\"type\\\":\\\"eraser\\\",\\\"x\\\":558,\\\"y\\\":177,\\\"s\\\":true},{\\\"type\\\":\\\"eraser\\\",\\\"x\\\":558,\\\"y\\\":177,\\\"s\\\":true},{\\\"type\\\":\\\"eraser\\\",\\\"x\\\":568,\\\"y\\\":174,\\\"s\\\":true},{\\\"type\\\":\\\"eraser\\\",\\\"x\\\":568,\\\"y\\\":174,\\\"s\\\":true},{\\\"type\\\":\\\"eraser\\\",\\\"x\\\":579,\\\"y\\\":170,\\\"s\\\":true},{\\\"type\\\":\\\"eraser\\\",\\\"x\\\":579,\\\"y\\\":170,\\\"s\\\":true},{\\\"type\\\":\\\"eraser\\\",\\\"x\\\":594,\\\"y\\\":164,\\\"s\\\":true},{\\\"type\\\":\\\"eraser\\\",\\\"x\\\":594,\\\"y\\\":164,\\\"s\\\":true},{\\\"type\\\":\\\"eraser\\\",\\\"x\\\":607,\\\"y\\\":160,\\\"s\\\":true},{\\\"type\\\":\\\"eraser\\\",\\\"x\\\":607,\\\"y\\\":160,\\\"s\\\":true},{\\\"type\\\":\\\"eraser\\\",\\\"x\\\":620,\\\"y\\\":156,\\\"s\\\":true},{\\\"type\\\":\\\"eraser\\\",\\\"x\\\":620,\\\"y\\\":156,\\\"s\\\":true},{\\\"type\\\":\\\"eraser\\\",\\\"x\\\":632,\\\"y\\\":152,\\\"s\\\":true},{\\\"type\\\":\\\"eraser\\\",\\\"x\\\":632,\\\"y\\\":152,\\\"s\\\":true},{\\\"type\\\":\\\"eraser\\\",\\\"x\\\":645,\\\"y\\\":148,\\\"s\\\":true},{\\\"type\\\":\\\"eraser\\\",\\\"x\\\":645,\\\"y\\\":148,\\\"s\\\":true},{\\\"type\\\":\\\"eraser\\\",\\\"x\\\":661,\\\"y\\\":140,\\\"s\\\":true},{\\\"type\\\":\\\"eraser\\\",\\\"x\\\":661,\\\"y\\\":140,\\\"s\\\":true},{\\\"type\\\":\\\"eraser\\\",\\\"x\\\":670,\\\"y\\\":132,\\\"s\\\":true},{\\\"type\\\":\\\"eraser\\\",\\\"x\\\":670,\\\"y\\\":132,\\\"s\\\":true},{\\\"type\\\":\\\"eraser\\\",\\\"x\\\":682,\\\"y\\\":126,\\\"s\\\":true},{\\\"type\\\":\\\"eraser\\\",\\\"x\\\":682,\\\"y\\\":126,\\\"s\\\":true},{\\\"type\\\":\\\"eraser\\\",\\\"x\\\":692,\\\"y\\\":119,\\\"s\\\":true},{\\\"type\\\":\\\"eraser\\\",\\\"x\\\":692,\\\"y\\\":119,\\\"s\\\":true},{\\\"type\\\":\\\"eraser\\\",\\\"x\\\":702,\\\"y\\\":112,\\\"s\\\":true},{\\\"type\\\":\\\"eraser\\\",\\\"x\\\":702,\\\"y\\\":112,\\\"s\\\":true},{\\\"type\\\":\\\"eraser\\\",\\\"x\\\":711,\\\"y\\\":106,\\\"s\\\":true},{\\\"type\\\":\\\"eraser\\\",\\\"x\\\":711,\\\"y\\\":106,\\\"s\\\":true},{\\\"type\\\":\\\"eraser\\\",\\\"x\\\":720,\\\"y\\\":101,\\\"s\\\":true},{\\\"type\\\":\\\"eraser\\\",\\\"x\\\":720,\\\"y\\\":101,\\\"s\\\":true},{\\\"type\\\":\\\"eraser\\\",\\\"x\\\":728,\\\"y\\\":99,\\\"s\\\":true},{\\\"type\\\":\\\"eraser\\\",\\\"x\\\":728,\\\"y\\\":99,\\\"s\\\":true},{\\\"type\\\":\\\"eraser\\\",\\\"x\\\":734,\\\"y\\\":98,\\\"s\\\":true},{\\\"type\\\":\\\"eraser\\\",\\\"x\\\":734,\\\"y\\\":98,\\\"s\\\":true},{\\\"type\\\":\\\"eraser\\\",\\\"x\\\":739,\\\"y\\\":98,\\\"s\\\":true},{\\\"type\\\":\\\"eraser\\\",\\\"x\\\":739,\\\"y\\\":98,\\\"s\\\":true},{\\\"type\\\":\\\"eraser\\\",\\\"x\\\":742,\\\"y\\\":99,\\\"s\\\":true},{\\\"type\\\":\\\"eraser\\\",\\\"x\\\":742,\\\"y\\\":99,\\\"s\\\":true},{\\\"type\\\":\\\"eraser\\\",\\\"x\\\":744,\\\"y\\\":102,\\\"s\\\":true},{\\\"type\\\":\\\"eraser\\\",\\\"x\\\":744,\\\"y\\\":102,\\\"s\\\":true},{\\\"type\\\":\\\"eraser\\\",\\\"x\\\":750,\\\"y\\\":118,\\\"s\\\":true},{\\\"type\\\":\\\"eraser\\\",\\\"x\\\":750,\\\"y\\\":118,\\\"s\\\":true},{\\\"type\\\":\\\"eraser\\\",\\\"x\\\":754,\\\"y\\\":137,\\\"s\\\":true},{\\\"type\\\":\\\"eraser\\\",\\\"x\\\":754,\\\"y\\\":137,\\\"s\\\":true},{\\\"type\\\":\\\"eraser\\\",\\\"x\\\":759,\\\"y\\\":160,\\\"s\\\":true},{\\\"type\\\":\\\"eraser\\\",\\\"x\\\":759,\\\"y\\\":160,\\\"s\\\":true},{\\\"type\\\":\\\"eraser\\\",\\\"x\\\":759,\\\"y\\\":189,\\\"s\\\":true},{\\\"type\\\":\\\"eraser\\\",\\\"x\\\":759,\\\"y\\\":189,\\\"s\\\":true},{\\\"type\\\":\\\"eraser\\\",\\\"x\\\":759,\\\"y\\\":213,\\\"s\\\":true},{\\\"type\\\":\\\"eraser\\\",\\\"x\\\":759,\\\"y\\\":213,\\\"s\\\":true},{\\\"type\\\":\\\"eraser\\\",\\\"x\\\":759,\\\"y\\\":232,\\\"s\\\":true},{\\\"type\\\":\\\"eraser\\\",\\\"x\\\":759,\\\"y\\\":232,\\\"s\\\":true},{\\\"type\\\":\\\"eraser\\\",\\\"x\\\":759,\\\"y\\\":243,\\\"s\\\":true},{\\\"type\\\":\\\"eraser\\\",\\\"x\\\":759,\\\"y\\\":243,\\\"s\\\":true},{\\\"type\\\":\\\"eraser\\\",\\\"x\\\":759,\\\"y\\\":247,\\\"s\\\":true},{\\\"type\\\":\\\"eraser\\\",\\\"x\\\":759,\\\"y\\\":247,\\\"s\\\":true},{\\\"type\\\":\\\"eraser\\\",\\\"x\\\":760,\\\"y\\\":249,\\\"s\\\":true},{\\\"type\\\":\\\"eraser\\\",\\\"x\\\":760,\\\"y\\\":249,\\\"s\\\":true},{\\\"type\\\":\\\"eraser\\\",\\\"x\\\":760,\\\"y\\\":250,\\\"s\\\":true},{\\\"type\\\":\\\"eraser\\\",\\\"x\\\":760,\\\"y\\\":250,\\\"s\\\":true},{\\\"type\\\":\\\"eraser\\\",\\\"x\\\":760,\\\"y\\\":250,\\\"s\\\":false},{\\\"type\\\":\\\"idle\\\"},{\\\"type\\\":\\\"marker-eraser-size\\\",\\\"value\\\":\\\"12\\\"},{\\\"type\\\":\\\"eraser\\\",\\\"x\\\":555,\\\"y\\\":245,\\\"s\\\":true},{\\\"type\\\":\\\"eraser\\\",\\\"x\\\":555,\\\"y\\\":246,\\\"s\\\":true},{\\\"type\\\":\\\"eraser\\\",\\\"x\\\":555,\\\"y\\\":246,\\\"s\\\":true},{\\\"type\\\":\\\"eraser\\\",\\\"x\\\":555,\\\"y\\\":247,\\\"s\\\":true},{\\\"type\\\":\\\"eraser\\\",\\\"x\\\":555,\\\"y\\\":247,\\\"s\\\":true},{\\\"type\\\":\\\"eraser\\\",\\\"x\\\":555,\\\"y\\\":253,\\\"s\\\":true},{\\\"type\\\":\\\"eraser\\\",\\\"x\\\":555,\\\"y\\\":253,\\\"s\\\":true},{\\\"type\\\":\\\"eraser\\\",\\\"x\\\":555,\\\"y\\\":260,\\\"s\\\":true},{\\\"type\\\":\\\"eraser\\\",\\\"x\\\":555,\\\"y\\\":260,\\\"s\\\":true},{\\\"type\\\":\\\"eraser\\\",\\\"x\\\":555,\\\"y\\\":268,\\\"s\\\":true},{\\\"type\\\":\\\"eraser\\\",\\\"x\\\":555,\\\"y\\\":268,\\\"s\\\":true},{\\\"type\\\":\\\"eraser\\\",\\\"x\\\":555,\\\"y\\\":278,\\\"s\\\":true},{\\\"type\\\":\\\"eraser\\\",\\\"x\\\":555,\\\"y\\\":278,\\\"s\\\":true},{\\\"type\\\":\\\"eraser\\\",\\\"x\\\":555,\\\"y\\\":288,\\\"s\\\":true},{\\\"type\\\":\\\"eraser\\\",\\\"x\\\":555,\\\"y\\\":288,\\\"s\\\":true},{\\\"type\\\":\\\"eraser\\\",\\\"x\\\":555,\\\"y\\\":297,\\\"s\\\":true},{\\\"type\\\":\\\"eraser\\\",\\\"x\\\":555,\\\"y\\\":297,\\\"s\\\":true},{\\\"type\\\":\\\"eraser\\\",\\\"x\\\":556,\\\"y\\\":304,\\\"s\\\":true},{\\\"type\\\":\\\"eraser\\\",\\\"x\\\":556,\\\"y\\\":304,\\\"s\\\":true},{\\\"type\\\":\\\"eraser\\\",\\\"x\\\":558,\\\"y\\\":308,\\\"s\\\":true},{\\\"type\\\":\\\"eraser\\\",\\\"x\\\":558,\\\"y\\\":308,\\\"s\\\":true},{\\\"type\\\":\\\"eraser\\\",\\\"x\\\":559,\\\"y\\\":312,\\\"s\\\":true},{\\\"type\\\":\\\"eraser\\\",\\\"x\\\":559,\\\"y\\\":312,\\\"s\\\":true},{\\\"type\\\":\\\"eraser\\\",\\\"x\\\":560,\\\"y\\\":316,\\\"s\\\":true},{\\\"type\\\":\\\"eraser\\\",\\\"x\\\":560,\\\"y\\\":316,\\\"s\\\":true},{\\\"type\\\":\\\"eraser\\\",\\\"x\\\":562,\\\"y\\\":319,\\\"s\\\":true},{\\\"type\\\":\\\"eraser\\\",\\\"x\\\":562,\\\"y\\\":319,\\\"s\\\":true},{\\\"type\\\":\\\"eraser\\\",\\\"x\\\":562,\\\"y\\\":320,\\\"s\\\":true},{\\\"type\\\":\\\"eraser\\\",\\\"x\\\":562,\\\"y\\\":320,\\\"s\\\":true},{\\\"type\\\":\\\"eraser\\\",\\\"x\\\":562,\\\"y\\\":322,\\\"s\\\":true},{\\\"type\\\":\\\"eraser\\\",\\\"x\\\":562,\\\"y\\\":322,\\\"s\\\":true},{\\\"type\\\":\\\"eraser\\\",\\\"x\\\":562,\\\"y\\\":324,\\\"s\\\":true},{\\\"type\\\":\\\"eraser\\\",\\\"x\\\":562,\\\"y\\\":324,\\\"s\\\":true},{\\\"type\\\":\\\"eraser\\\",\\\"x\\\":563,\\\"y\\\":324,\\\"s\\\":true},{\\\"type\\\":\\\"eraser\\\",\\\"x\\\":563,\\\"y\\\":324,\\\"s\\\":true},{\\\"type\\\":\\\"eraser\\\",\\\"x\\\":564,\\\"y\\\":325,\\\"s\\\":true},{\\\"type\\\":\\\"eraser\\\",\\\"x\\\":564,\\\"y\\\":325,\\\"s\\\":true},{\\\"type\\\":\\\"eraser\\\",\\\"x\\\":565,\\\"y\\\":326,\\\"s\\\":true},{\\\"type\\\":\\\"eraser\\\",\\\"x\\\":565,\\\"y\\\":326,\\\"s\\\":true},{\\\"type\\\":\\\"eraser\\\",\\\"x\\\":565,\\\"y\\\":327,\\\"s\\\":true},{\\\"type\\\":\\\"eraser\\\",\\\"x\\\":565,\\\"y\\\":327,\\\"s\\\":true},{\\\"type\\\":\\\"eraser\\\",\\\"x\\\":566,\\\"y\\\":328,\\\"s\\\":true},{\\\"type\\\":\\\"eraser\\\",\\\"x\\\":566,\\\"y\\\":328,\\\"s\\\":true},{\\\"type\\\":\\\"eraser\\\",\\\"x\\\":568,\\\"y\\\":331,\\\"s\\\":true},{\\\"type\\\":\\\"eraser\\\",\\\"x\\\":568,\\\"y\\\":331,\\\"s\\\":true},{\\\"type\\\":\\\"eraser\\\",\\\"x\\\":569,\\\"y\\\":332,\\\"s\\\":true},{\\\"type\\\":\\\"eraser\\\",\\\"x\\\":569,\\\"y\\\":332,\\\"s\\\":true},{\\\"type\\\":\\\"eraser\\\",\\\"x\\\":570,\\\"y\\\":335,\\\"s\\\":true},{\\\"type\\\":\\\"eraser\\\",\\\"x\\\":570,\\\"y\\\":335,\\\"s\\\":true},{\\\"type\\\":\\\"eraser\\\",\\\"x\\\":572,\\\"y\\\":338,\\\"s\\\":true},{\\\"type\\\":\\\"eraser\\\",\\\"x\\\":572,\\\"y\\\":338,\\\"s\\\":true},{\\\"type\\\":\\\"eraser\\\",\\\"x\\\":574,\\\"y\\\":340,\\\"s\\\":true},{\\\"type\\\":\\\"eraser\\\",\\\"x\\\":574,\\\"y\\\":340,\\\"s\\\":true},{\\\"type\\\":\\\"eraser\\\",\\\"x\\\":577,\\\"y\\\":344,\\\"s\\\":true},{\\\"type\\\":\\\"eraser\\\",\\\"x\\\":577,\\\"y\\\":344,\\\"s\\\":true},{\\\"type\\\":\\\"eraser\\\",\\\"x\\\":578,\\\"y\\\":347,\\\"s\\\":true},{\\\"type\\\":\\\"eraser\\\",\\\"x\\\":578,\\\"y\\\":347,\\\"s\\\":true},{\\\"type\\\":\\\"eraser\\\",\\\"x\\\":581,\\\"y\\\":350,\\\"s\\\":true},{\\\"type\\\":\\\"eraser\\\",\\\"x\\\":581,\\\"y\\\":350,\\\"s\\\":true},{\\\"type\\\":\\\"eraser\\\",\\\"x\\\":583,\\\"y\\\":352,\\\"s\\\":true},{\\\"type\\\":\\\"eraser\\\",\\\"x\\\":583,\\\"y\\\":352,\\\"s\\\":true},{\\\"type\\\":\\\"eraser\\\",\\\"x\\\":586,\\\"y\\\":353,\\\"s\\\":true},{\\\"type\\\":\\\"eraser\\\",\\\"x\\\":586,\\\"y\\\":353,\\\"s\\\":true},{\\\"type\\\":\\\"eraser\\\",\\\"x\\\":587,\\\"y\\\":353,\\\"s\\\":true},{\\\"type\\\":\\\"eraser\\\",\\\"x\\\":587,\\\"y\\\":353,\\\"s\\\":true},{\\\"type\\\":\\\"eraser\\\",\\\"x\\\":589,\\\"y\\\":353,\\\"s\\\":true},{\\\"type\\\":\\\"eraser\\\",\\\"x\\\":589,\\\"y\\\":353,\\\"s\\\":true},{\\\"type\\\":\\\"eraser\\\",\\\"x\\\":590,\\\"y\\\":353,\\\"s\\\":true},{\\\"type\\\":\\\"eraser\\\",\\\"x\\\":590,\\\"y\\\":353,\\\"s\\\":true},{\\\"type\\\":\\\"eraser\\\",\\\"x\\\":590,\\\"y\\\":353,\\\"s\\\":true},{\\\"type\\\":\\\"eraser\\\",\\\"x\\\":590,\\\"y\\\":353,\\\"s\\\":true},{\\\"type\\\":\\\"eraser\\\",\\\"x\\\":591,\\\"y\\\":352,\\\"s\\\":true},{\\\"type\\\":\\\"eraser\\\",\\\"x\\\":591,\\\"y\\\":352,\\\"s\\\":true},{\\\"type\\\":\\\"eraser\\\",\\\"x\\\":592,\\\"y\\\":349,\\\"s\\\":true},{\\\"type\\\":\\\"eraser\\\",\\\"x\\\":592,\\\"y\\\":349,\\\"s\\\":true},{\\\"type\\\":\\\"eraser\\\",\\\"x\\\":593,\\\"y\\\":344,\\\"s\\\":true},{\\\"type\\\":\\\"eraser\\\",\\\"x\\\":593,\\\"y\\\":344,\\\"s\\\":true},{\\\"type\\\":\\\"eraser\\\",\\\"x\\\":593,\\\"y\\\":341,\\\"s\\\":true},{\\\"type\\\":\\\"eraser\\\",\\\"x\\\":593,\\\"y\\\":341,\\\"s\\\":true},{\\\"type\\\":\\\"eraser\\\",\\\"x\\\":593,\\\"y\\\":338,\\\"s\\\":true},{\\\"type\\\":\\\"eraser\\\",\\\"x\\\":593,\\\"y\\\":338,\\\"s\\\":true},{\\\"type\\\":\\\"eraser\\\",\\\"x\\\":593,\\\"y\\\":336,\\\"s\\\":true},{\\\"type\\\":\\\"eraser\\\",\\\"x\\\":593,\\\"y\\\":336,\\\"s\\\":true},{\\\"type\\\":\\\"eraser\\\",\\\"x\\\":592,\\\"y\\\":335,\\\"s\\\":true},{\\\"type\\\":\\\"eraser\\\",\\\"x\\\":592,\\\"y\\\":335,\\\"s\\\":true},{\\\"type\\\":\\\"eraser\\\",\\\"x\\\":590,\\\"y\\\":334,\\\"s\\\":true},{\\\"type\\\":\\\"eraser\\\",\\\"x\\\":590,\\\"y\\\":334,\\\"s\\\":true},{\\\"type\\\":\\\"eraser\\\",\\\"x\\\":587,\\\"y\\\":332,\\\"s\\\":true},{\\\"type\\\":\\\"eraser\\\",\\\"x\\\":587,\\\"y\\\":332,\\\"s\\\":true},{\\\"type\\\":\\\"eraser\\\",\\\"x\\\":585,\\\"y\\\":332,\\\"s\\\":true},{\\\"type\\\":\\\"eraser\\\",\\\"x\\\":585,\\\"y\\\":332,\\\"s\\\":true},{\\\"type\\\":\\\"eraser\\\",\\\"x\\\":582,\\\"y\\\":331,\\\"s\\\":true},{\\\"type\\\":\\\"eraser\\\",\\\"x\\\":582,\\\"y\\\":331,\\\"s\\\":true},{\\\"type\\\":\\\"eraser\\\",\\\"x\\\":580,\\\"y\\\":329,\\\"s\\\":true},{\\\"type\\\":\\\"eraser\\\",\\\"x\\\":580,\\\"y\\\":329,\\\"s\\\":true},{\\\"type\\\":\\\"eraser\\\",\\\"x\\\":578,\\\"y\\\":328,\\\"s\\\":true},{\\\"type\\\":\\\"eraser\\\",\\\"x\\\":578,\\\"y\\\":328,\\\"s\\\":true},{\\\"type\\\":\\\"eraser\\\",\\\"x\\\":575,\\\"y\\\":328,\\\"s\\\":true},{\\\"type\\\":\\\"eraser\\\",\\\"x\\\":575,\\\"y\\\":328,\\\"s\\\":true},{\\\"type\\\":\\\"eraser\\\",\\\"x\\\":574,\\\"y\\\":328,\\\"s\\\":true},{\\\"type\\\":\\\"eraser\\\",\\\"x\\\":574,\\\"y\\\":328,\\\"s\\\":true},{\\\"type\\\":\\\"eraser\\\",\\\"x\\\":576,\\\"y\\\":328,\\\"s\\\":true},{\\\"type\\\":\\\"eraser\\\",\\\"x\\\":576,\\\"y\\\":328,\\\"s\\\":true},{\\\"type\\\":\\\"eraser\\\",\\\"x\\\":583,\\\"y\\\":331,\\\"s\\\":true},{\\\"type\\\":\\\"eraser\\\",\\\"x\\\":583,\\\"y\\\":331,\\\"s\\\":true},{\\\"type\\\":\\\"eraser\\\",\\\"x\\\":590,\\\"y\\\":332,\\\"s\\\":true},{\\\"type\\\":\\\"eraser\\\",\\\"x\\\":590,\\\"y\\\":332,\\\"s\\\":true},{\\\"type\\\":\\\"eraser\\\",\\\"x\\\":596,\\\"y\\\":333,\\\"s\\\":true},{\\\"type\\\":\\\"eraser\\\",\\\"x\\\":596,\\\"y\\\":333,\\\"s\\\":true},{\\\"type\\\":\\\"eraser\\\",\\\"x\\\":603,\\\"y\\\":334,\\\"s\\\":true},{\\\"type\\\":\\\"eraser\\\",\\\"x\\\":603,\\\"y\\\":334,\\\"s\\\":true},{\\\"type\\\":\\\"eraser\\\",\\\"x\\\":612,\\\"y\\\":336,\\\"s\\\":true},{\\\"type\\\":\\\"eraser\\\",\\\"x\\\":612,\\\"y\\\":336,\\\"s\\\":true},{\\\"type\\\":\\\"eraser\\\",\\\"x\\\":619,\\\"y\\\":338,\\\"s\\\":true},{\\\"type\\\":\\\"eraser\\\",\\\"x\\\":619,\\\"y\\\":338,\\\"s\\\":true},{\\\"type\\\":\\\"eraser\\\",\\\"x\\\":626,\\\"y\\\":338,\\\"s\\\":true},{\\\"type\\\":\\\"eraser\\\",\\\"x\\\":626,\\\"y\\\":338,\\\"s\\\":true},{\\\"type\\\":\\\"eraser\\\",\\\"x\\\":630,\\\"y\\\":338,\\\"s\\\":true},{\\\"type\\\":\\\"eraser\\\",\\\"x\\\":630,\\\"y\\\":338,\\\"s\\\":true},{\\\"type\\\":\\\"eraser\\\",\\\"x\\\":634,\\\"y\\\":338,\\\"s\\\":true},{\\\"type\\\":\\\"eraser\\\",\\\"x\\\":634,\\\"y\\\":338,\\\"s\\\":true},{\\\"type\\\":\\\"eraser\\\",\\\"x\\\":636,\\\"y\\\":338,\\\"s\\\":true},{\\\"type\\\":\\\"eraser\\\",\\\"x\\\":636,\\\"y\\\":338,\\\"s\\\":true},{\\\"type\\\":\\\"eraser\\\",\\\"x\\\":638,\\\"y\\\":338,\\\"s\\\":true},{\\\"type\\\":\\\"eraser\\\",\\\"x\\\":638,\\\"y\\\":338,\\\"s\\\":true},{\\\"type\\\":\\\"eraser\\\",\\\"x\\\":640,\\\"y\\\":338,\\\"s\\\":true},{\\\"type\\\":\\\"eraser\\\",\\\"x\\\":640,\\\"y\\\":338,\\\"s\\\":true},{\\\"type\\\":\\\"eraser\\\",\\\"x\\\":645,\\\"y\\\":338,\\\"s\\\":true},{\\\"type\\\":\\\"eraser\\\",\\\"x\\\":645,\\\"y\\\":338,\\\"s\\\":true},{\\\"type\\\":\\\"eraser\\\",\\\"x\\\":648,\\\"y\\\":338,\\\"s\\\":true},{\\\"type\\\":\\\"eraser\\\",\\\"x\\\":648,\\\"y\\\":338,\\\"s\\\":true},{\\\"type\\\":\\\"eraser\\\",\\\"x\\\":651,\\\"y\\\":338,\\\"s\\\":true},{\\\"type\\\":\\\"eraser\\\",\\\"x\\\":651,\\\"y\\\":338,\\\"s\\\":true},{\\\"type\\\":\\\"eraser\\\",\\\"x\\\":654,\\\"y\\\":338,\\\"s\\\":true},{\\\"type\\\":\\\"eraser\\\",\\\"x\\\":654,\\\"y\\\":338,\\\"s\\\":true},{\\\"type\\\":\\\"eraser\\\",\\\"x\\\":656,\\\"y\\\":338,\\\"s\\\":true},{\\\"type\\\":\\\"eraser\\\",\\\"x\\\":656,\\\"y\\\":338,\\\"s\\\":true},{\\\"type\\\":\\\"eraser\\\",\\\"x\\\":658,\\\"y\\\":338,\\\"s\\\":true},{\\\"type\\\":\\\"eraser\\\",\\\"x\\\":658,\\\"y\\\":338,\\\"s\\\":true},{\\\"type\\\":\\\"eraser\\\",\\\"x\\\":658,\\\"y\\\":338,\\\"s\\\":true},{\\\"type\\\":\\\"eraser\\\",\\\"x\\\":658,\\\"y\\\":338,\\\"s\\\":true},{\\\"type\\\":\\\"eraser\\\",\\\"x\\\":660,\\\"y\\\":338,\\\"s\\\":true},{\\\"type\\\":\\\"eraser\\\",\\\"x\\\":660,\\\"y\\\":338,\\\"s\\\":true},{\\\"type\\\":\\\"eraser\\\",\\\"x\\\":662,\\\"y\\\":338,\\\"s\\\":true},{\\\"type\\\":\\\"eraser\\\",\\\"x\\\":662,\\\"y\\\":338,\\\"s\\\":true},{\\\"type\\\":\\\"eraser\\\",\\\"x\\\":663,\\\"y\\\":338,\\\"s\\\":true},{\\\"type\\\":\\\"eraser\\\",\\\"x\\\":663,\\\"y\\\":338,\\\"s\\\":true},{\\\"type\\\":\\\"eraser\\\",\\\"x\\\":667,\\\"y\\\":338,\\\"s\\\":true},{\\\"type\\\":\\\"eraser\\\",\\\"x\\\":667,\\\"y\\\":338,\\\"s\\\":true},{\\\"type\\\":\\\"eraser\\\",\\\"x\\\":672,\\\"y\\\":338,\\\"s\\\":true},{\\\"type\\\":\\\"eraser\\\",\\\"x\\\":672,\\\"y\\\":338,\\\"s\\\":true},{\\\"type\\\":\\\"eraser\\\",\\\"x\\\":677,\\\"y\\\":339,\\\"s\\\":true},{\\\"type\\\":\\\"eraser\\\",\\\"x\\\":677,\\\"y\\\":339,\\\"s\\\":true},{\\\"type\\\":\\\"eraser\\\",\\\"x\\\":688,\\\"y\\\":341,\\\"s\\\":true},{\\\"type\\\":\\\"eraser\\\",\\\"x\\\":688,\\\"y\\\":341,\\\"s\\\":true},{\\\"type\\\":\\\"eraser\\\",\\\"x\\\":694,\\\"y\\\":344,\\\"s\\\":true},{\\\"type\\\":\\\"eraser\\\",\\\"x\\\":694,\\\"y\\\":344,\\\"s\\\":true},{\\\"type\\\":\\\"eraser\\\",\\\"x\\\":700,\\\"y\\\":345,\\\"s\\\":true},{\\\"type\\\":\\\"eraser\\\",\\\"x\\\":700,\\\"y\\\":345,\\\"s\\\":true},{\\\"type\\\":\\\"eraser\\\",\\\"x\\\":703,\\\"y\\\":346,\\\"s\\\":true},{\\\"type\\\":\\\"eraser\\\",\\\"x\\\":703,\\\"y\\\":346,\\\"s\\\":true},{\\\"type\\\":\\\"eraser\\\",\\\"x\\\":706,\\\"y\\\":348,\\\"s\\\":true},{\\\"type\\\":\\\"eraser\\\",\\\"x\\\":706,\\\"y\\\":348,\\\"s\\\":true},{\\\"type\\\":\\\"eraser\\\",\\\"x\\\":709,\\\"y\\\":348,\\\"s\\\":true},{\\\"type\\\":\\\"eraser\\\",\\\"x\\\":709,\\\"y\\\":348,\\\"s\\\":true},{\\\"type\\\":\\\"eraser\\\",\\\"x\\\":710,\\\"y\\\":349,\\\"s\\\":true},{\\\"type\\\":\\\"eraser\\\",\\\"x\\\":710,\\\"y\\\":349,\\\"s\\\":true},{\\\"type\\\":\\\"eraser\\\",\\\"x\\\":713,\\\"y\\\":350,\\\"s\\\":true},{\\\"type\\\":\\\"eraser\\\",\\\"x\\\":713,\\\"y\\\":350,\\\"s\\\":true},{\\\"type\\\":\\\"eraser\\\",\\\"x\\\":714,\\\"y\\\":350,\\\"s\\\":true},{\\\"type\\\":\\\"eraser\\\",\\\"x\\\":714,\\\"y\\\":350,\\\"s\\\":true},{\\\"type\\\":\\\"eraser\\\",\\\"x\\\":714,\\\"y\\\":350,\\\"s\\\":true},{\\\"type\\\":\\\"eraser\\\",\\\"x\\\":714,\\\"y\\\":350,\\\"s\\\":true},{\\\"type\\\":\\\"eraser\\\",\\\"x\\\":713,\\\"y\\\":350,\\\"s\\\":true},{\\\"type\\\":\\\"eraser\\\",\\\"x\\\":713,\\\"y\\\":350,\\\"s\\\":true},{\\\"type\\\":\\\"eraser\\\",\\\"x\\\":706,\\\"y\\\":350,\\\"s\\\":true},{\\\"type\\\":\\\"eraser\\\",\\\"x\\\":706,\\\"y\\\":350,\\\"s\\\":true},{\\\"type\\\":\\\"eraser\\\",\\\"x\\\":696,\\\"y\\\":350,\\\"s\\\":true},{\\\"type\\\":\\\"eraser\\\",\\\"x\\\":696,\\\"y\\\":350,\\\"s\\\":true},{\\\"type\\\":\\\"eraser\\\",\\\"x\\\":685,\\\"y\\\":350,\\\"s\\\":true},{', 39),
(77, '[{\\\"type\\\":\\\"color\\\",\\\"value\\\":\\\"#000\\\"},{\\\"type\\\":\\\"marker-eraser-size\\\",\\\"value\\\":2},{\\\"type\\\":\\\"text-size\\\",\\\"value\\\":\\\"12\\\"}]', 40);
INSERT INTO `tbldataClass` (`iddataClass`, `value`, `idclassHold`) VALUES
(89, '[{\\\"type\\\":\\\"color\\\",\\\"value\\\":\\\"#000\\\"},{\\\"type\\\":\\\"marker-eraser-size\\\",\\\"value\\\":2},{\\\"type\\\":\\\"text-size\\\",\\\"value\\\":\\\"12\\\"},{\\\"type\\\":\\\"marker\\\",\\\"x\\\":508,\\\"y\\\":108,\\\"s\\\":true},{\\\"type\\\":\\\"marker\\\",\\\"x\\\":510,\\\"y\\\":109,\\\"s\\\":true},{\\\"type\\\":\\\"marker\\\",\\\"x\\\":513,\\\"y\\\":111,\\\"s\\\":true},{\\\"type\\\":\\\"marker\\\",\\\"x\\\":515,\\\"y\\\":117,\\\"s\\\":true},{\\\"type\\\":\\\"marker\\\",\\\"x\\\":520,\\\"y\\\":127,\\\"s\\\":true},{\\\"type\\\":\\\"marker\\\",\\\"x\\\":524,\\\"y\\\":137,\\\"s\\\":true},{\\\"type\\\":\\\"marker\\\",\\\"x\\\":531,\\\"y\\\":154,\\\"s\\\":true},{\\\"type\\\":\\\"marker\\\",\\\"x\\\":533,\\\"y\\\":165,\\\"s\\\":true},{\\\"type\\\":\\\"marker\\\",\\\"x\\\":539,\\\"y\\\":173,\\\"s\\\":true},{\\\"type\\\":\\\"marker\\\",\\\"x\\\":545,\\\"y\\\":183,\\\"s\\\":true},{\\\"type\\\":\\\"marker\\\",\\\"x\\\":553,\\\"y\\\":200,\\\"s\\\":true},{\\\"type\\\":\\\"marker\\\",\\\"x\\\":560,\\\"y\\\":208,\\\"s\\\":true},{\\\"type\\\":\\\"marker\\\",\\\"x\\\":572,\\\"y\\\":225,\\\"s\\\":true},{\\\"type\\\":\\\"marker\\\",\\\"x\\\":579,\\\"y\\\":230,\\\"s\\\":true},{\\\"type\\\":\\\"marker\\\",\\\"x\\\":585,\\\"y\\\":237,\\\"s\\\":true},{\\\"type\\\":\\\"marker\\\",\\\"x\\\":592,\\\"y\\\":241,\\\"s\\\":true},{\\\"type\\\":\\\"marker\\\",\\\"x\\\":600,\\\"y\\\":242,\\\"s\\\":true},{\\\"type\\\":\\\"marker\\\",\\\"x\\\":611,\\\"y\\\":242,\\\"s\\\":true},{\\\"type\\\":\\\"marker\\\",\\\"x\\\":621,\\\"y\\\":243,\\\"s\\\":true},{\\\"type\\\":\\\"marker\\\",\\\"x\\\":625,\\\"y\\\":243,\\\"s\\\":true},{\\\"type\\\":\\\"marker\\\",\\\"x\\\":625,\\\"y\\\":243,\\\"s\\\":false},{\\\"type\\\":\\\"idle\\\"},{\\\"type\\\":\\\"marker\\\",\\\"x\\\":828,\\\"y\\\":186,\\\"s\\\":true},{\\\"type\\\":\\\"marker\\\",\\\"x\\\":828,\\\"y\\\":190,\\\"s\\\":true},{\\\"type\\\":\\\"marker\\\",\\\"x\\\":828,\\\"y\\\":195,\\\"s\\\":true},{\\\"type\\\":\\\"marker\\\",\\\"x\\\":828,\\\"y\\\":206,\\\"s\\\":true},{\\\"type\\\":\\\"marker\\\",\\\"x\\\":823,\\\"y\\\":221,\\\"s\\\":true},{\\\"type\\\":\\\"marker\\\",\\\"x\\\":820,\\\"y\\\":235,\\\"s\\\":true},{\\\"type\\\":\\\"marker\\\",\\\"x\\\":816,\\\"y\\\":251,\\\"s\\\":true},{\\\"type\\\":\\\"marker\\\",\\\"x\\\":809,\\\"y\\\":271,\\\"s\\\":true},{\\\"type\\\":\\\"marker\\\",\\\"x\\\":804,\\\"y\\\":289,\\\"s\\\":true},{\\\"type\\\":\\\"marker\\\",\\\"x\\\":800,\\\"y\\\":298,\\\"s\\\":true},{\\\"type\\\":\\\"marker\\\",\\\"x\\\":788,\\\"y\\\":319,\\\"s\\\":true},{\\\"type\\\":\\\"marker\\\",\\\"x\\\":782,\\\"y\\\":333,\\\"s\\\":true},{\\\"type\\\":\\\"marker\\\",\\\"x\\\":774,\\\"y\\\":343,\\\"s\\\":true},{\\\"type\\\":\\\"marker\\\",\\\"x\\\":772,\\\"y\\\":347,\\\"s\\\":true},{\\\"type\\\":\\\"marker\\\",\\\"x\\\":767,\\\"y\\\":348,\\\"s\\\":true},{\\\"type\\\":\\\"marker\\\",\\\"x\\\":767,\\\"y\\\":348,\\\"s\\\":false},{\\\"type\\\":\\\"idle\\\"},{\\\"type\\\":\\\"pdf\\\",\\\"url\\\":\\\"assets/WebProgramming-Project-1400-spring.pdf\\\"},{\\\"type\\\":\\\"marker\\\",\\\"x\\\":210,\\\"y\\\":40,\\\"s\\\":true},{\\\"type\\\":\\\"marker\\\",\\\"x\\\":210,\\\"y\\\":41,\\\"s\\\":true},{\\\"type\\\":\\\"marker\\\",\\\"x\\\":210,\\\"y\\\":43,\\\"s\\\":true},{\\\"type\\\":\\\"marker\\\",\\\"x\\\":212,\\\"y\\\":51,\\\"s\\\":true},{\\\"type\\\":\\\"marker\\\",\\\"x\\\":213,\\\"y\\\":59,\\\"s\\\":true},{\\\"type\\\":\\\"marker\\\",\\\"x\\\":213,\\\"y\\\":65,\\\"s\\\":true},{\\\"type\\\":\\\"marker\\\",\\\"x\\\":213,\\\"y\\\":82,\\\"s\\\":true},{\\\"type\\\":\\\"marker\\\",\\\"x\\\":213,\\\"y\\\":92,\\\"s\\\":true},{\\\"type\\\":\\\"marker\\\",\\\"x\\\":213,\\\"y\\\":105,\\\"s\\\":true},{\\\"type\\\":\\\"marker\\\",\\\"x\\\":216,\\\"y\\\":111,\\\"s\\\":true},{\\\"type\\\":\\\"marker\\\",\\\"x\\\":217,\\\"y\\\":121,\\\"s\\\":true},{\\\"type\\\":\\\"marker\\\",\\\"x\\\":217,\\\"y\\\":126,\\\"s\\\":true},{\\\"type\\\":\\\"marker\\\",\\\"x\\\":217,\\\"y\\\":129,\\\"s\\\":true},{\\\"type\\\":\\\"marker\\\",\\\"x\\\":218,\\\"y\\\":138,\\\"s\\\":true},{\\\"type\\\":\\\"marker\\\",\\\"x\\\":220,\\\"y\\\":143,\\\"s\\\":true},{\\\"type\\\":\\\"marker\\\",\\\"x\\\":221,\\\"y\\\":145,\\\"s\\\":true},{\\\"type\\\":\\\"marker\\\",\\\"x\\\":221,\\\"y\\\":153,\\\"s\\\":true},{\\\"type\\\":\\\"marker\\\",\\\"x\\\":221,\\\"y\\\":161,\\\"s\\\":true},{\\\"type\\\":\\\"marker\\\",\\\"x\\\":222,\\\"y\\\":165,\\\"s\\\":true},{\\\"type\\\":\\\"marker\\\",\\\"x\\\":225,\\\"y\\\":168,\\\"s\\\":true},{\\\"type\\\":\\\"marker\\\",\\\"x\\\":226,\\\"y\\\":169,\\\"s\\\":true},{\\\"type\\\":\\\"marker\\\",\\\"x\\\":227,\\\"y\\\":170,\\\"s\\\":true},{\\\"type\\\":\\\"marker\\\",\\\"x\\\":228,\\\"y\\\":170,\\\"s\\\":true},{\\\"type\\\":\\\"marker\\\",\\\"x\\\":234,\\\"y\\\":171,\\\"s\\\":true},{\\\"type\\\":\\\"marker\\\",\\\"x\\\":243,\\\"y\\\":171,\\\"s\\\":true},{\\\"type\\\":\\\"marker\\\",\\\"x\\\":263,\\\"y\\\":171,\\\"s\\\":true},{\\\"type\\\":\\\"marker\\\",\\\"x\\\":278,\\\"y\\\":171,\\\"s\\\":true},{\\\"type\\\":\\\"marker\\\",\\\"x\\\":291,\\\"y\\\":174,\\\"s\\\":true},{\\\"type\\\":\\\"marker\\\",\\\"x\\\":302,\\\"y\\\":174,\\\"s\\\":true},{\\\"type\\\":\\\"marker\\\",\\\"x\\\":311,\\\"y\\\":178,\\\"s\\\":true},{\\\"type\\\":\\\"marker\\\",\\\"x\\\":321,\\\"y\\\":180,\\\"s\\\":true},{\\\"type\\\":\\\"marker\\\",\\\"x\\\":328,\\\"y\\\":181,\\\"s\\\":true},{\\\"type\\\":\\\"marker\\\",\\\"x\\\":336,\\\"y\\\":182,\\\"s\\\":true},{\\\"type\\\":\\\"marker\\\",\\\"x\\\":350,\\\"y\\\":182,\\\"s\\\":true},{\\\"type\\\":\\\"marker\\\",\\\"x\\\":361,\\\"y\\\":183,\\\"s\\\":true},{\\\"type\\\":\\\"marker\\\",\\\"x\\\":376,\\\"y\\\":185,\\\"s\\\":true},{\\\"type\\\":\\\"marker\\\",\\\"x\\\":390,\\\"y\\\":186,\\\"s\\\":true},{\\\"type\\\":\\\"marker\\\",\\\"x\\\":402,\\\"y\\\":186,\\\"s\\\":true},{\\\"type\\\":\\\"marker\\\",\\\"x\\\":412,\\\"y\\\":186,\\\"s\\\":true},{\\\"type\\\":\\\"marker\\\",\\\"x\\\":424,\\\"y\\\":186,\\\"s\\\":true},{\\\"type\\\":\\\"marker\\\",\\\"x\\\":441,\\\"y\\\":186,\\\"s\\\":true},{\\\"type\\\":\\\"marker\\\",\\\"x\\\":452,\\\"y\\\":186,\\\"s\\\":true},{\\\"type\\\":\\\"marker\\\",\\\"x\\\":472,\\\"y\\\":186,\\\"s\\\":true},{\\\"type\\\":\\\"marker\\\",\\\"x\\\":492,\\\"y\\\":186,\\\"s\\\":true},{\\\"type\\\":\\\"marker\\\",\\\"x\\\":510,\\\"y\\\":182,\\\"s\\\":true},{\\\"type\\\":\\\"marker\\\",\\\"x\\\":521,\\\"y\\\":180,\\\"s\\\":true},{\\\"type\\\":\\\"marker\\\",\\\"x\\\":532,\\\"y\\\":177,\\\"s\\\":true},{\\\"type\\\":\\\"marker\\\",\\\"x\\\":541,\\\"y\\\":176,\\\"s\\\":true},{\\\"type\\\":\\\"marker\\\",\\\"x\\\":552,\\\"y\\\":174,\\\"s\\\":true},{\\\"type\\\":\\\"marker\\\",\\\"x\\\":562,\\\"y\\\":174,\\\"s\\\":true},{\\\"type\\\":\\\"marker\\\",\\\"x\\\":568,\\\"y\\\":173,\\\"s\\\":true},{\\\"type\\\":\\\"marker\\\",\\\"x\\\":576,\\\"y\\\":172,\\\"s\\\":true},{\\\"type\\\":\\\"marker\\\",\\\"x\\\":593,\\\"y\\\":170,\\\"s\\\":true},{\\\"type\\\":\\\"marker\\\",\\\"x\\\":608,\\\"y\\\":170,\\\"s\\\":true},{\\\"type\\\":\\\"marker\\\",\\\"x\\\":625,\\\"y\\\":170,\\\"s\\\":true},{\\\"type\\\":\\\"marker\\\",\\\"x\\\":635,\\\"y\\\":169,\\\"s\\\":true},{\\\"type\\\":\\\"marker\\\",\\\"x\\\":641,\\\"y\\\":169,\\\"s\\\":true},{\\\"type\\\":\\\"marker\\\",\\\"x\\\":650,\\\"y\\\":166,\\\"s\\\":true},{\\\"type\\\":\\\"marker\\\",\\\"x\\\":655,\\\"y\\\":165,\\\"s\\\":true},{\\\"type\\\":\\\"marker\\\",\\\"x\\\":663,\\\"y\\\":162,\\\"s\\\":true},{\\\"type\\\":\\\"marker\\\",\\\"x\\\":672,\\\"y\\\":161,\\\"s\\\":true},{\\\"type\\\":\\\"marker\\\",\\\"x\\\":684,\\\"y\\\":157,\\\"s\\\":true},{\\\"type\\\":\\\"marker\\\",\\\"x\\\":689,\\\"y\\\":157,\\\"s\\\":true},{\\\"type\\\":\\\"marker\\\",\\\"x\\\":695,\\\"y\\\":155,\\\"s\\\":true},{\\\"type\\\":\\\"marker\\\",\\\"x\\\":697,\\\"y\\\":154,\\\"s\\\":true},{\\\"type\\\":\\\"marker\\\",\\\"x\\\":698,\\\"y\\\":153,\\\"s\\\":true},{\\\"type\\\":\\\"marker\\\",\\\"x\\\":701,\\\"y\\\":151,\\\"s\\\":true},{\\\"type\\\":\\\"marker\\\",\\\"x\\\":705,\\\"y\\\":149,\\\"s\\\":true},{\\\"type\\\":\\\"marker\\\",\\\"x\\\":707,\\\"y\\\":144,\\\"s\\\":true},{\\\"type\\\":\\\"marker\\\",\\\"x\\\":708,\\\"y\\\":140,\\\"s\\\":true},{\\\"type\\\":\\\"marker\\\",\\\"x\\\":711,\\\"y\\\":130,\\\"s\\\":true},{\\\"type\\\":\\\"marker\\\",\\\"x\\\":712,\\\"y\\\":123,\\\"s\\\":true},{\\\"type\\\":\\\"marker\\\",\\\"x\\\":712,\\\"y\\\":116,\\\"s\\\":true},{\\\"type\\\":\\\"marker\\\",\\\"x\\\":712,\\\"y\\\":111,\\\"s\\\":true},{\\\"type\\\":\\\"marker\\\",\\\"x\\\":712,\\\"y\\\":107,\\\"s\\\":true},{\\\"type\\\":\\\"marker\\\",\\\"x\\\":714,\\\"y\\\":100,\\\"s\\\":true},{\\\"type\\\":\\\"marker\\\",\\\"x\\\":714,\\\"y\\\":94,\\\"s\\\":true},{\\\"type\\\":\\\"marker\\\",\\\"x\\\":714,\\\"y\\\":89,\\\"s\\\":true},{\\\"type\\\":\\\"marker\\\",\\\"x\\\":714,\\\"y\\\":87,\\\"s\\\":true},{\\\"type\\\":\\\"marker\\\",\\\"x\\\":714,\\\"y\\\":82,\\\"s\\\":true},{\\\"type\\\":\\\"marker\\\",\\\"x\\\":714,\\\"y\\\":79,\\\"s\\\":true},{\\\"type\\\":\\\"marker\\\",\\\"x\\\":714,\\\"y\\\":74,\\\"s\\\":true},{\\\"type\\\":\\\"marker\\\",\\\"x\\\":714,\\\"y\\\":73,\\\"s\\\":true},{\\\"type\\\":\\\"marker\\\",\\\"x\\\":714,\\\"y\\\":69,\\\"s\\\":true},{\\\"type\\\":\\\"marker\\\",\\\"x\\\":714,\\\"y\\\":68,\\\"s\\\":true},{\\\"type\\\":\\\"marker\\\",\\\"x\\\":714,\\\"y\\\":65,\\\"s\\\":true},{\\\"type\\\":\\\"marker\\\",\\\"x\\\":714,\\\"y\\\":62,\\\"s\\\":true},{\\\"type\\\":\\\"marker\\\",\\\"x\\\":713,\\\"y\\\":58,\\\"s\\\":true},{\\\"type\\\":\\\"marker\\\",\\\"x\\\":711,\\\"y\\\":55,\\\"s\\\":true},{\\\"type\\\":\\\"marker\\\",\\\"x\\\":711,\\\"y\\\":53,\\\"s\\\":true},{\\\"type\\\":\\\"marker\\\",\\\"x\\\":709,\\\"y\\\":48,\\\"s\\\":true},{\\\"type\\\":\\\"marker\\\",\\\"x\\\":708,\\\"y\\\":46,\\\"s\\\":true},{\\\"type\\\":\\\"marker\\\",\\\"x\\\":704,\\\"y\\\":42,\\\"s\\\":true},{\\\"type\\\":\\\"marker\\\",\\\"x\\\":703,\\\"y\\\":41,\\\"s\\\":true},{\\\"type\\\":\\\"marker\\\",\\\"x\\\":702,\\\"y\\\":38,\\\"s\\\":true},{\\\"type\\\":\\\"marker\\\",\\\"x\\\":700,\\\"y\\\":35,\\\"s\\\":true},{\\\"type\\\":\\\"marker\\\",\\\"x\\\":699,\\\"y\\\":34,\\\"s\\\":true},{\\\"type\\\":\\\"marker\\\",\\\"x\\\":698,\\\"y\\\":34,\\\"s\\\":true},{\\\"type\\\":\\\"marker\\\",\\\"x\\\":695,\\\"y\\\":34,\\\"s\\\":true},{\\\"type\\\":\\\"marker\\\",\\\"x\\\":694,\\\"y\\\":34,\\\"s\\\":true},{\\\"type\\\":\\\"marker\\\",\\\"x\\\":691,\\\"y\\\":34,\\\"s\\\":true},{\\\"type\\\":\\\"marker\\\",\\\"x\\\":680,\\\"y\\\":32,\\\"s\\\":true},{\\\"type\\\":\\\"marker\\\",\\\"x\\\":670,\\\"y\\\":32,\\\"s\\\":true},{\\\"type\\\":\\\"marker\\\",\\\"x\\\":661,\\\"y\\\":31,\\\"s\\\":true},{\\\"type\\\":\\\"marker\\\",\\\"x\\\":650,\\\"y\\\":31,\\\"s\\\":true},{\\\"type\\\":\\\"marker\\\",\\\"x\\\":637,\\\"y\\\":28,\\\"s\\\":true},{\\\"type\\\":\\\"marker\\\",\\\"x\\\":625,\\\"y\\\":26,\\\"s\\\":true},{\\\"type\\\":\\\"marker\\\",\\\"x\\\":616,\\\"y\\\":25,\\\"s\\\":true},{\\\"type\\\":\\\"marker\\\",\\\"x\\\":608,\\\"y\\\":24,\\\"s\\\":true},{\\\"type\\\":\\\"marker\\\",\\\"x\\\":599,\\\"y\\\":22,\\\"s\\\":true},{\\\"type\\\":\\\"marker\\\",\\\"x\\\":589,\\\"y\\\":21,\\\"s\\\":true},{\\\"type\\\":\\\"marker\\\",\\\"x\\\":578,\\\"y\\\":20,\\\"s\\\":true},{\\\"type\\\":\\\"marker\\\",\\\"x\\\":567,\\\"y\\\":20,\\\"s\\\":true},{\\\"type\\\":\\\"marker\\\",\\\"x\\\":549,\\\"y\\\":17,\\\"s\\\":true},{\\\"type\\\":\\\"marker\\\",\\\"x\\\":534,\\\"y\\\":17,\\\"s\\\":true},{\\\"type\\\":\\\"marker\\\",\\\"x\\\":525,\\\"y\\\":17,\\\"s\\\":true},{\\\"type\\\":\\\"marker\\\",\\\"x\\\":515,\\\"y\\\":17,\\\"s\\\":true},{\\\"type\\\":\\\"marker\\\",\\\"x\\\":507,\\\"y\\\":16,\\\"s\\\":true},{\\\"type\\\":\\\"marker\\\",\\\"x\\\":506,\\\"y\\\":16,\\\"s\\\":true},{\\\"type\\\":\\\"marker\\\",\\\"x\\\":499,\\\"y\\\":16,\\\"s\\\":true},{\\\"type\\\":\\\"marker\\\",\\\"x\\\":494,\\\"y\\\":16,\\\"s\\\":true},{\\\"type\\\":\\\"marker\\\",\\\"x\\\":488,\\\"y\\\":16,\\\"s\\\":true},{\\\"type\\\":\\\"marker\\\",\\\"x\\\":479,\\\"y\\\":16,\\\"s\\\":true},{\\\"type\\\":\\\"marker\\\",\\\"x\\\":474,\\\"y\\\":16,\\\"s\\\":true},{\\\"type\\\":\\\"marker\\\",\\\"x\\\":468,\\\"y\\\":18,\\\"s\\\":true},{\\\"type\\\":\\\"marker\\\",\\\"x\\\":455,\\\"y\\\":18,\\\"s\\\":true},{\\\"type\\\":\\\"marker\\\",\\\"x\\\":444,\\\"y\\\":19,\\\"s\\\":true},{\\\"type\\\":\\\"marker\\\",\\\"x\\\":433,\\\"y\\\":19,\\\"s\\\":true},{\\\"type\\\":\\\"marker\\\",\\\"x\\\":425,\\\"y\\\":19,\\\"s\\\":true},{\\\"type\\\":\\\"marker\\\",\\\"x\\\":418,\\\"y\\\":19,\\\"s\\\":true},{\\\"type\\\":\\\"marker\\\",\\\"x\\\":407,\\\"y\\\":21,\\\"s\\\":true},{\\\"type\\\":\\\"marker\\\",\\\"x\\\":404,\\\"y\\\":21,\\\"s\\\":true},{\\\"type\\\":\\\"marker\\\",\\\"x\\\":398,\\\"y\\\":21,\\\"s\\\":true},{\\\"type\\\":\\\"marker\\\",\\\"x\\\":387,\\\"y\\\":21,\\\"s\\\":true},{\\\"type\\\":\\\"marker\\\",\\\"x\\\":383,\\\"y\\\":21,\\\"s\\\":true},{\\\"type\\\":\\\"marker\\\",\\\"x\\\":375,\\\"y\\\":21,\\\"s\\\":true},{\\\"type\\\":\\\"marker\\\",\\\"x\\\":367,\\\"y\\\":21,\\\"s\\\":true},{\\\"type\\\":\\\"marker\\\",\\\"x\\\":360,\\\"y\\\":21,\\\"s\\\":true},{\\\"type\\\":\\\"marker\\\",\\\"x\\\":357,\\\"y\\\":21,\\\"s\\\":true},{\\\"type\\\":\\\"marker\\\",\\\"x\\\":350,\\\"y\\\":21,\\\"s\\\":true},{\\\"type\\\":\\\"marker\\\",\\\"x\\\":346,\\\"y\\\":21,\\\"s\\\":true},{\\\"type\\\":\\\"marker\\\",\\\"x\\\":340,\\\"y\\\":21,\\\"s\\\":true},{\\\"type\\\":\\\"marker\\\",\\\"x\\\":334,\\\"y\\\":21,\\\"s\\\":true},{\\\"type\\\":\\\"marker\\\",\\\"x\\\":328,\\\"y\\\":21,\\\"s\\\":true},{\\\"type\\\":\\\"marker\\\",\\\"x\\\":317,\\\"y\\\":21,\\\"s\\\":true},{\\\"type\\\":\\\"marker\\\",\\\"x\\\":309,\\\"y\\\":21,\\\"s\\\":true},{\\\"type\\\":\\\"marker\\\",\\\"x\\\":300,\\\"y\\\":21,\\\"s\\\":true},{\\\"type\\\":\\\"marker\\\",\\\"x\\\":294,\\\"y\\\":21,\\\"s\\\":true},{\\\"type\\\":\\\"marker\\\",\\\"x\\\":284,\\\"y\\\":21,\\\"s\\\":true},{\\\"type\\\":\\\"marker\\\",\\\"x\\\":275,\\\"y\\\":18,\\\"s\\\":true},{\\\"type\\\":\\\"marker\\\",\\\"x\\\":272,\\\"y\\\":18,\\\"s\\\":true},{\\\"type\\\":\\\"marker\\\",\\\"x\\\":265,\\\"y\\\":18,\\\"s\\\":true},{\\\"type\\\":\\\"marker\\\",\\\"x\\\":261,\\\"y\\\":18,\\\"s\\\":true},{\\\"type\\\":\\\"marker\\\",\\\"x\\\":256,\\\"y\\\":18,\\\"s\\\":true},{\\\"type\\\":\\\"marker\\\",\\\"x\\\":253,\\\"y\\\":18,\\\"s\\\":true},{\\\"type\\\":\\\"marker\\\",\\\"x\\\":246,\\\"y\\\":18,\\\"s\\\":true},{\\\"type\\\":\\\"marker\\\",\\\"x\\\":241,\\\"y\\\":18,\\\"s\\\":true},{\\\"type\\\":\\\"marker\\\",\\\"x\\\":236,\\\"y\\\":20,\\\"s\\\":true},{\\\"type\\\":\\\"marker\\\",\\\"x\\\":228,\\\"y\\\":21,\\\"s\\\":true},{\\\"type\\\":\\\"marker\\\",\\\"x\\\":222,\\\"y\\\":21,\\\"s\\\":true},{\\\"type\\\":\\\"marker\\\",\\\"x\\\":219,\\\"y\\\":21,\\\"s\\\":true},{\\\"type\\\":\\\"marker\\\",\\\"x\\\":216,\\\"y\\\":21,\\\"s\\\":true},{\\\"type\\\":\\\"marker\\\",\\\"x\\\":215,\\\"y\\\":21,\\\"s\\\":true},{\\\"type\\\":\\\"marker\\\",\\\"x\\\":213,\\\"y\\\":23,\\\"s\\\":true},{\\\"type\\\":\\\"marker\\\",\\\"x\\\":212,\\\"y\\\":24,\\\"s\\\":true},{\\\"type\\\":\\\"marker\\\",\\\"x\\\":211,\\\"y\\\":25,\\\"s\\\":true},{\\\"type\\\":\\\"marker\\\",\\\"x\\\":211,\\\"y\\\":26,\\\"s\\\":true},{\\\"type\\\":\\\"marker\\\",\\\"x\\\":211,\\\"y\\\":28,\\\"s\\\":true},{\\\"type\\\":\\\"marker\\\",\\\"x\\\":211,\\\"y\\\":29,\\\"s\\\":true},{\\\"type\\\":\\\"marker\\\",\\\"x\\\":211,\\\"y\\\":31,\\\"s\\\":true},{\\\"type\\\":\\\"marker\\\",\\\"x\\\":211,\\\"y\\\":32,\\\"s\\\":true},{\\\"type\\\":\\\"marker\\\",\\\"x\\\":211,\\\"y\\\":34,\\\"s\\\":true},{\\\"type\\\":\\\"marker\\\",\\\"x\\\":209,\\\"y\\\":37,\\\"s\\\":true},{\\\"type\\\":\\\"marker\\\",\\\"x\\\":209,\\\"y\\\":39,\\\"s\\\":true},{\\\"type\\\":\\\"marker\\\",\\\"x\\\":207,\\\"y\\\":41,\\\"s\\\":true},{\\\"type\\\":\\\"marker\\\",\\\"x\\\":207,\\\"y\\\":42,\\\"s\\\":true},{\\\"type\\\":\\\"marker\\\",\\\"x\\\":207,\\\"y\\\":44,\\\"s\\\":true},{\\\"type\\\":\\\"marker\\\",\\\"x\\\":207,\\\"y\\\":44,\\\"s\\\":false},{\\\"type\\\":\\\"idle\\\"}]', 52);

-- --------------------------------------------------------

--
-- Table structure for table `tblmenu`
--

CREATE TABLE `tblmenu` (
  `idmenu` int(11) NOT NULL,
  `vlaue` varchar(32) NOT NULL,
  `subid` int(11) NOT NULL,
  `kind` int(11) NOT NULL,
  `icon` varchar(80) NOT NULL,
  `url` varchar(180) NOT NULL
) ENGINE=MyISAM DEFAULT CHARSET=latin1;

--
-- Dumping data for table `tblmenu`
--

INSERT INTO `tblmenu` (`idmenu`, `vlaue`, `subid`, `kind`, `icon`, `url`) VALUES
(1, 'Student', 0, 1, '', 'student'),
(2, 'Add student', 1, 1, '', 'Add_student'),
(3, 'Student list', 1, 1, '', 'Student_list'),
(4, 'Class', 0, 1, '', 'Class'),
(5, 'Add Class', 4, 1, '', 'Add_class'),
(6, 'Class list', 4, 1, '', 'Class_list');

-- --------------------------------------------------------

--
-- Table structure for table `tblpresenter`
--

CREATE TABLE `tblpresenter` (
  `idpresenter` int(11) NOT NULL,
  `username` varchar(120) NOT NULL,
  `pass` text NOT NULL,
  `kind` int(11) NOT NULL,
  `lastActive` text NOT NULL,
  `date_cratee` datetime NOT NULL DEFAULT CURRENT_TIMESTAMP,
  `name` varchar(120) NOT NULL,
  `lastname` varchar(120) NOT NULL
) ENGINE=MyISAM DEFAULT CHARSET=latin1;

--
-- Dumping data for table `tblpresenter`
--

INSERT INTO `tblpresenter` (`idpresenter`, `username`, `pass`, `kind`, `lastActive`, `date_cratee`, `name`, `lastname`) VALUES
(1, '123456789', '25f9e794323b453885f5181f1b624d0b', 0, '1627536644', '2021-07-10 11:43:52', 'ali', 'haghighat'),
(5, 'Drkazmi', '25f9e794323b453885f5181f1b624d0b', 0, '1627541959', '2021-07-23 19:02:10', 'Dr', 'kazmi'),
(6, 'Ryan', '25d55ad283aa400af464c76d713c07ad', 0, '1627483596', '2021-07-28 14:05:38', 'Rayan', 'Hd'),
(7, '1234', '81dc9bdb52d04dc20036dbd8313ed055', 0, '1627546249', '2021-07-29 10:09:28', 'ahmad', 'daryanavard');

-- --------------------------------------------------------

--
-- Table structure for table `tblstudent`
--

CREATE TABLE `tblstudent` (
  `idstudent` int(11) NOT NULL,
  `name` varchar(80) NOT NULL,
  `lastname` varchar(80) NOT NULL,
  `date_cratee` datetime NOT NULL DEFAULT CURRENT_TIMESTAMP,
  `username` varchar(82) NOT NULL,
  `pass` text NOT NULL,
  `phone` varchar(32) NOT NULL
) ENGINE=MyISAM DEFAULT CHARSET=latin1;

--
-- Dumping data for table `tblstudent`
--

INSERT INTO `tblstudent` (`idstudent`, `name`, `lastname`, `date_cratee`, `username`, `pass`, `phone`) VALUES
(13, 'jf', 'klsdjf', '2021-07-24 18:11:19', 'jlsakdjfasl', 'f44c6811fa386b229cba4f9d7d2aa116', '09029999796'),
(12, 'rain', 'h', '2021-07-23 19:06:24', 'rain', '25f9e794323b453885f5181f1b624d0b', '09390041011'),
(11, 'ali haghighat', 'haghighat', '2021-07-23 13:24:32', '5236953', '25f9e794323b453885f5181f1b624d0b', '09172985381'),
(10, 'ahmad', 'Daryanavard', '2021-07-18 22:49:24', 'ahmad', '25f9e794323b453885f5181f1b624d0b', ''),
(9, 'ali', 'haghighat2', '2021-07-10 22:12:50', 'ali53812', '25f9e794323b453885f5181f1b624d0b', '0917298581'),
(8, 'ali', 'haghighat', '2021-07-10 22:12:50', 'ali5381', '25f9e794323b453885f5181f1b624d0b', '0917298581'),
(14, 'Ali', 'Haqiqat', '2021-07-28 19:20:20', 'Alihagh', '25d55ad283aa400af464c76d713c07ad', '');

-- --------------------------------------------------------

--
-- Table structure for table `tblstudtClass`
--

CREATE TABLE `tblstudtClass` (
  `idstudtClass` int(11) NOT NULL,
  `idstudent` int(11) NOT NULL,
  `idclass` int(11) NOT NULL,
  `date_cratee` datetime NOT NULL DEFAULT CURRENT_TIMESTAMP,
  `kind` int(11) NOT NULL DEFAULT '1'
) ENGINE=MyISAM DEFAULT CHARSET=latin1;

--
-- Dumping data for table `tblstudtClass`
--

INSERT INTO `tblstudtClass` (`idstudtClass`, `idstudent`, `idclass`, `date_cratee`, `kind`) VALUES
(1, 9, 1, '2021-07-12 21:59:27', 1),
(6, 10, 1, '2021-07-23 00:54:21', 1),
(13, 8, 1, '2021-07-23 11:45:55', 1),
(14, 12, 3, '2021-07-23 19:08:00', 1),
(15, 10, 3, '2021-07-23 19:08:00', 1),
(16, 9, 3, '2021-07-23 19:08:00', 1),
(17, 12, 1, '2021-07-24 19:41:35', 1),
(18, 14, 5, '2021-07-28 19:42:04', 1),
(19, 14, 6, '2021-07-29 10:12:49', 1),
(20, 13, 6, '2021-07-29 10:12:49', 1),
(21, 12, 6, '2021-07-29 10:12:49', 1),
(22, 11, 6, '2021-07-29 10:12:49', 1),
(23, 10, 6, '2021-07-29 10:12:49', 1),
(24, 9, 6, '2021-07-29 10:12:49', 1),
(25, 8, 6, '2021-07-29 10:12:49', 1);

-- --------------------------------------------------------

--
-- Table structure for table `tblstudtClassOnline`
--

CREATE TABLE `tblstudtClassOnline` (
  `id` int(11) NOT NULL,
  `idstudtClass` int(11) NOT NULL,
  `time_srart` varchar(180) NOT NULL,
  `time_end` varchar(180) DEFAULT NULL,
  `mic` int(11) NOT NULL DEFAULT '0',
  `idclassHeld` int(11) NOT NULL,
  `Wboard` int(11) NOT NULL DEFAULT '0',
  `Mic_acc` int(11) NOT NULL DEFAULT '0'
) ENGINE=MyISAM DEFAULT CHARSET=latin1;

--
-- Dumping data for table `tblstudtClassOnline`
--

INSERT INTO `tblstudtClassOnline` (`id`, `idstudtClass`, `time_srart`, `time_end`, `mic`, `idclassHeld`, `Wboard`, `Mic_acc`) VALUES
(864, 3, '1626881199', '1626882498', 0, 11, 0, 0),
(863, 1, '1626880841', '1626881203', 0, 11, 0, 0),
(865, 1, '1626882095', '1626883233', 0, 11, 0, 0),
(866, 1, '1626883465', '1626883468', 0, 11, 0, 0),
(867, 1, '1626883653', '1626885918', 0, 11, 1, 0),
(881, 1, '1626952064', '1626952832', 1, 12, 1, 0),
(883, 1, '1626960776', '1626960830', 0, 12, 0, 0),
(880, 3, '1626951366', '1626952515', 0, 12, 0, 0),
(879, 1, '1626949789', '1626951345', 0, 12, 0, 0),
(878, 1, '1626946334', '1626949477', 0, 12, 0, 0),
(877, 1, '1626945975', '1626946264', 0, 12, 0, 0),
(882, 3, '1626952844', '1626953216', 1, 12, 0, 0),
(884, 1, '1626961412', '1626966117', 0, 12, 0, 0),
(885, 6, '1627043922', '1627050090', 0, 14, 0, 0),
(886, 6, '1627051638', '1627052134', 0, 14, 0, 0),
(887, 6, '1627052146', '1627052184', 0, 14, 0, 0),
(892, 14, '1627053077', '1627054843', 1, 15, 0, 1),
(891, 16, '1627052978', '1627053011', 1, 15, 0, 1),
(893, 15, '1627053313', '1627053648', 1, 15, 0, 1),
(894, 15, '1627053665', '1627054843', 1, 15, 0, 1),
(895, 16, '1627054537', '1627054659', 1, 15, 0, 1),
(896, 14, '1627054868', '1627055268', 1, 16, 0, 1),
(897, 1, '1627054868', '1627054957', 0, 14, 0, 0),
(898, 15, '1627054887', '1627055262', 1, 16, 0, 1),
(899, 16, '1627054981', '1627055119', 1, 16, 0, 1),
(900, 1, '1627139443', '1627139799', 1, 14, 0, 1),
(901, 17, '1627139532', '1627139799', 1, 14, 0, 1),
(902, 17, '1627139938', '1627140631', 1, 18, 0, 1),
(903, 6, '1627139942', '1627141180', 1, 18, 0, 1),
(904, 17, '1627140631', '1627141210', 1, 18, 0, 1),
(905, 16, '1627195835', '1627195852', 0, 23, 0, 0),
(906, 16, '1627195958', '1627196029', 1, 23, 0, 1),
(907, 6, '1627240184', '1627247719', 0, 24, 0, 0),
(908, 6, '1627311290', '1627319776', 0, 24, 0, 0),
(909, 6, '1627330818', '1627331084', 0, 24, 0, 0),
(910, 6, '1627331210', '1627333052', 0, 24, 0, 0),
(911, 6, '1627333066', '1627335296', 0, 27, 0, 0),
(912, 15, '1627399721', '1627399911', 1, 31, 0, 1),
(913, 13, '1627399957', '1627400530', 1, 29, 0, 1),
(914, 6, '1627416990', '1627420412', 0, 34, 0, 0),
(915, 6, '1627422268', '1627423053', 0, 34, 0, 0),
(916, 16, '1627476304', '1627476354', 1, 36, 0, 1),
(917, 16, '1627477486', '1627477762', 0, 37, 0, 0),
(918, 6, '1627479885', '1627479914', 0, 38, 0, 0),
(919, 6, '1627480139', '1627481410', 0, 38, 0, 0),
(920, 1, '1627480408', '1627480498', 0, 38, 0, 0),
(921, 18, '1627485166', '1627487142', 1, 39, 0, 1),
(922, 18, '1627487360', '1627488607', 0, 40, 0, 0),
(923, 6, '1627505325', '1627506063', 0, 38, 0, 0),
(924, 6, '1627510644', '1627510651', 0, 41, 0, 0),
(925, 1, '1627536918', '1627537057', 1, 41, 0, 1),
(926, 17, '1627536935', '1627537056', 1, 41, 0, 1),
(927, 1, '1627537069', '1627537131', 1, 42, 0, 1),
(928, 17, '1627537079', '1627537132', 1, 42, 0, 1),
(929, 21, '1627537408', '1627537538', 1, 43, 0, 1),
(930, 24, '1627537414', '1627537433', 0, 43, 0, 0),
(931, 21, '1627537863', '1627538661', 1, 46, 0, 1),
(932, 23, '1627538088', '1627539422', 0, 46, 0, 0),
(933, 16, '1627538398', '1627538489', 0, 48, 0, 0),
(934, 24, '1627539188', '1627539422', 0, 46, 0, 0),
(935, 21, '1627539189', '1627539423', 0, 46, 0, 0),
(936, 23, '1627543218', '1627546056', 0, 50, 0, 0),
(937, 24, '1627543357', '1627543692', 1, 50, 0, 1),
(938, 24, '1627544011', '1627546067', 1, 50, 0, 1),
(939, 21, '1627544058', '1627545112', 1, 50, 0, 1),
(940, 21, '1627545283', '1627546067', 0, 50, 0, 1),
(941, 24, '1627546270', '1627547185', 0, 52, 0, 0),
(942, 21, '1627546282', '1627547197', 0, 52, 0, 0);

--
-- Indexes for dumped tables
--

--
-- Indexes for table `tblchat`
--
ALTER TABLE `tblchat`
  ADD PRIMARY KEY (`idcat`);

--
-- Indexes for table `tblclass`
--
ALTER TABLE `tblclass`
  ADD PRIMARY KEY (`idclass`);

--
-- Indexes for table `tblclassHeld`
--
ALTER TABLE `tblclassHeld`
  ADD PRIMARY KEY (`idclassHeld`);

--
-- Indexes for table `tbldataClass`
--
ALTER TABLE `tbldataClass`
  ADD PRIMARY KEY (`iddataClass`);

--
-- Indexes for table `tblmenu`
--
ALTER TABLE `tblmenu`
  ADD PRIMARY KEY (`idmenu`);

--
-- Indexes for table `tblpresenter`
--
ALTER TABLE `tblpresenter`
  ADD PRIMARY KEY (`idpresenter`);

--
-- Indexes for table `tblstudent`
--
ALTER TABLE `tblstudent`
  ADD PRIMARY KEY (`idstudent`);

--
-- Indexes for table `tblstudtClass`
--
ALTER TABLE `tblstudtClass`
  ADD PRIMARY KEY (`idstudtClass`);

--
-- Indexes for table `tblstudtClassOnline`
--
ALTER TABLE `tblstudtClassOnline`
  ADD PRIMARY KEY (`id`);

--
-- AUTO_INCREMENT for dumped tables
--

--
-- AUTO_INCREMENT for table `tblchat`
--
ALTER TABLE `tblchat`
  MODIFY `idcat` int(11) NOT NULL AUTO_INCREMENT, AUTO_INCREMENT=209;

--
-- AUTO_INCREMENT for table `tblclass`
--
ALTER TABLE `tblclass`
  MODIFY `idclass` int(11) NOT NULL AUTO_INCREMENT, AUTO_INCREMENT=7;

--
-- AUTO_INCREMENT for table `tblclassHeld`
--
ALTER TABLE `tblclassHeld`
  MODIFY `idclassHeld` int(11) NOT NULL AUTO_INCREMENT, AUTO_INCREMENT=53;

--
-- AUTO_INCREMENT for table `tbldataClass`
--
ALTER TABLE `tbldataClass`
  MODIFY `iddataClass` int(11) NOT NULL AUTO_INCREMENT, AUTO_INCREMENT=90;

--
-- AUTO_INCREMENT for table `tblmenu`
--
ALTER TABLE `tblmenu`
  MODIFY `idmenu` int(11) NOT NULL AUTO_INCREMENT, AUTO_INCREMENT=7;

--
-- AUTO_INCREMENT for table `tblpresenter`
--
ALTER TABLE `tblpresenter`
  MODIFY `idpresenter` int(11) NOT NULL AUTO_INCREMENT, AUTO_INCREMENT=8;

--
-- AUTO_INCREMENT for table `tblstudent`
--
ALTER TABLE `tblstudent`
  MODIFY `idstudent` int(11) NOT NULL AUTO_INCREMENT, AUTO_INCREMENT=15;

--
-- AUTO_INCREMENT for table `tblstudtClass`
--
ALTER TABLE `tblstudtClass`
  MODIFY `idstudtClass` int(11) NOT NULL AUTO_INCREMENT, AUTO_INCREMENT=26;

--
-- AUTO_INCREMENT for table `tblstudtClassOnline`
--
ALTER TABLE `tblstudtClassOnline`
  MODIFY `id` int(11) NOT NULL AUTO_INCREMENT, AUTO_INCREMENT=943;
COMMIT;

/*!40101 SET CHARACTER_SET_CLIENT=@OLD_CHARACTER_SET_CLIENT */;
/*!40101 SET CHARACTER_SET_RESULTS=@OLD_CHARACTER_SET_RESULTS */;
/*!40101 SET COLLATION_CONNECTION=@OLD_COLLATION_CONNECTION */;
